symbol	globalScore	otGeneticsPortal	geneBurden	eva	genomicsEngland	gene2Phenotype	uniprotLiterature	uniprotVariants	orphanet	clingen	cancerGeneCensus	intogen	evaSomatic	cancerBiomarkers	chembl	crisprScreen	crispr	slapenrich	progeny	reactome	sysbio	europepmc	expressionAtlas	impc	maxClinicalTrialPhase	isInMembrane	isSecreted	hasLigand	hasSmallMoleculeBinder	hasPocket	mouseOrthologMaxIdentityPercentage	hasHighQualityChemicalProbes	geneticConstraint	mouseKoScore	geneEssentiality	hasSafetyEvent	isCancerDriverGene	paralogMaxIdentityPercentage	tissueSpecificity	tissueDistribution
PTGS2	0.5759537191944208	No data	No data	No data	No data	No data	No data	No data	No data	No data	No data	No data	No data	No data	0.9466402206254405	No data	No data	No data	No data	No data	No data	0.015198269940290528	No data	No data	1	0	0	1	1	0	0.3377499999999998	0	-0.8072515107314024	-0.9747706328107875	0	-1	No data	-0.02317999999999998	0.5	0
SCN4A	0.5724765873618369	No data	No data	No data	No data	No data	No data	No data	No data	No data	No data	No data	No data	No data	0.9416805162872597	No data	No data	No data	No data	No data	No data	No data	No data	No data	1	0	0	1	1	0	0.626905	No data	-0.6547197332777662	-0.8611597120123354	0	No data	No data	-0.2715150000000001	0.75	0.5
OPRM1	0.5614678843443529	No data	No data	No data	No data	No data	No data	No data	No data	No data	No data	No data	No data	No data	0.9226601395520476	No data	No data	No data	No data	No data	No data	0.01823792392834863	No data	No data	1	1	0	1	1	0	0.575	0	0.4585330277141071	-0.7312691704091201	0	-1	No data	0	0.5	0.5
PTGS1	0.5587754492872904	No data	No data	No data	No data	No data	No data	No data	No data	No data	No data	No data	No data	No data	0.9191431845245422	No data	No data	No data	No data	No data	No data	No data	No data	No data	1	0	0	0	0	0	0.48247	1	-0.15784538445509477	-0.9397369417042986	0	-1	No data	-0.035892499999999924	0.5	0
SCN8A	0.5355828060805804	No data	No data	No data	No data	No data	No data	No data	No data	No data	No data	No data	No data	No data	0.8809930475388409	No data	No data	No data	No data	No data	No data	No data	No data	No data	1	1	0	1	1	0	0.9318199999999998	No data	-0.9578037091060637	-0.9489068977715015	0	No data	No data	-0.4267675000000001	0.75	0.5
SCN7A	0.5355828060805804	No data	No data	No data	No data	No data	No data	No data	No data	No data	No data	No data	No data	No data	0.8809930475388409	No data	No data	No data	No data	No data	No data	No data	No data	No data	1	1	0	1	1	0	0	No data	-0.15565742863096477	No data	0	No data	No data	0	0.5	0
SCN3A	0.5355828060805804	No data	No data	No data	No data	No data	No data	No data	No data	No data	No data	No data	No data	No data	0.8809930475388409	No data	No data	No data	No data	No data	No data	No data	No data	No data	1	1	0	1	1	0	0.7399999999999999	No data	-0.9175869972911023	-0.45806794162493086	0	No data	No data	-0.6875	0.5	0.5
SCN1A	0.5355828060805804	No data	No data	No data	No data	No data	No data	No data	No data	No data	No data	No data	No data	No data	0.8809930475388409	No data	No data	No data	No data	No data	No data	No data	No data	No data	1	1	0	1	1	0	0.9079149999999998	No data	-0.9937486976453428	-0.9660827336174976	0	-1	No data	-0.6864100000000001	0.5	0.5
SCN2A	0.5355828060805804	No data	No data	No data	No data	No data	No data	No data	No data	No data	No data	No data	No data	No data	0.8809930475388409	No data	No data	No data	No data	No data	No data	No data	No data	No data	1	1	0	1	1	0	0.9027450000000001	1	-0.9605126067930819	-0.7880557324349885	0	No data	No data	-0.6907724999999999	1	0.5
SCN10A	0.5355828060805804	No data	No data	No data	No data	No data	No data	No data	No data	No data	No data	No data	No data	No data	0.8809930475388409	No data	No data	No data	No data	No data	No data	No data	No data	No data	1	1	0	1	1	0	0.11043000000000021	0	0.13033965409460313	-0.7917212535510667	0	-1	No data	-0.04140999999999995	No data	No data
SCN9A	0.5355828060805804	No data	No data	No data	No data	No data	No data	No data	No data	No data	No data	No data	No data	No data	0.8809930475388409	No data	No data	No data	No data	No data	No data	No data	No data	No data	1	1	0	1	1	0	0.660465	1	-0.24901021046051264	-0.8488954393501088	0	No data	No data	-0.4693149999999999	0.5	0
SCN11A	0.5355828060805804	No data	No data	No data	No data	No data	No data	No data	No data	No data	No data	No data	No data	No data	0.8809930475388409	No data	No data	No data	No data	No data	No data	No data	No data	No data	1	1	0	0	1	0	0	No data	-0.10335486559699936	-0.2834589605852611	0	No data	No data	0	0.5	0.5
SCN5A	0.5355828060805804	No data	No data	No data	No data	No data	No data	No data	No data	No data	No data	No data	No data	No data	0.8809930475388409	No data	No data	No data	No data	No data	No data	No data	No data	No data	1	1	0	1	1	0	0.7146399999999999	No data	-0.7443217336945197	-0.9769187502023968	0	-1	No data	-0.09056999999999996	1	0.5
NR3C1	0.5118988970595356	No data	No data	No data	No data	No data	No data	No data	No data	No data	No data	No data	No data	No data	0.8420348155918961	No data	No data	No data	No data	No data	No data	No data	No data	No data	1	0	0	1	1	1	0.5109400000000001	1	-0.7278599708272557	-0.9536043719349752	0	-1	No data	0	-1	-1
SLC6A2	0.49071991816468735	No data	No data	No data	No data	No data	No data	No data	No data	No data	No data	No data	No data	No data	0.8071970034954302	No data	No data	No data	No data	No data	No data	No data	No data	No data	1	0	0	1	1	0	0.7082650000000001	0	-0.527714107105647	-0.8541480885180219	0	-1	No data	-0.1693674999999999	0.5	0.5
LMX1B	0.48813370564723	0.8029428802833511	No data	No data	No data	No data	No data	No data	No data	No data	No data	No data	No data	No data	No data	No data	No data	No data	No data	No data	No data	No data	No data	No data	No data	0	0	0	0	0	0.9129350000000003	No data	-0.6084600958533029	-0.9346732734589092	0	No data	No data	-0.11691499999999984	1	0.5
FILIP1	0.4645130532148645	0.7625688736274855	No data	No data	No data	No data	No data	No data	No data	No data	No data	No data	No data	No data	No data	No data	No data	No data	No data	No data	No data	0.030396539880581056	No data	No data	No data	1	0	0	0	0	0.6908499999999996	No data	-0.25963742446342986	No data	0	No data	No data	0	0.5	0
MAP2K6	0.46223222725882995	0.7603369151140271	No data	No data	No data	No data	No data	No data	No data	No data	No data	No data	No data	No data	No data	No data	No data	No data	No data	No data	No data	No data	No data	No data	No data	0	0	1	1	1	0.8952100000000002	No data	-0.6802458845592831	No data	0	-1	No data	-0.4910174999999999	0.5	0
ADRB3	0.4619748183558772	No data	No data	No data	No data	No data	No data	No data	No data	No data	No data	No data	No data	No data	0.7599134970145264	No data	No data	No data	No data	No data	No data	No data	No data	No data	1	1	0	1	1	0	0	1	0.7413002708897687	-0.10006653173107727	0	-1	No data	0	0.5	0.5
ADRA1B	0.4619748183558772	No data	No data	No data	No data	No data	No data	No data	No data	No data	No data	No data	No data	No data	0.7599134970145264	No data	No data	No data	No data	No data	No data	No data	No data	No data	1	1	0	1	1	0	0.7692300000000003	0	-0.1549281100229214	-0.9323474287510244	0	-1	No data	0	0.5	0
ADRA1A	0.4619748183558772	No data	No data	No data	No data	No data	No data	No data	No data	No data	No data	No data	No data	No data	0.7599134970145264	No data	No data	No data	No data	No data	No data	No data	No data	No data	1	0	0	1	1	0	0.5922750000000001	0	0.5335486559699938	-0.5954762182301893	0	-1	No data	0	0.5	0
ADRB1	0.4619748183558772	No data	No data	No data	No data	No data	No data	No data	No data	No data	No data	No data	No data	No data	0.7599134970145264	No data	No data	No data	No data	No data	No data	No data	No data	No data	1	1	0	1	1	0	0.5178199999999997	0	0.644613461137737	-0.5294145467853534	0	-1	No data	0	0.5	0
ADRA1D	0.4619748183558772	No data	No data	No data	No data	No data	No data	No data	No data	No data	No data	No data	No data	No data	0.7599134970145264	No data	No data	No data	No data	No data	No data	No data	No data	No data	1	1	0	1	1	0	0.2307699999999997	1	0.46488851844134205	-0.8229130970392914	0	No data	No data	0	0.5	0
ADRB2	0.4619748183558772	No data	No data	No data	No data	No data	No data	No data	No data	No data	No data	No data	No data	No data	0.7599134970145264	No data	No data	No data	No data	No data	No data	No data	No data	No data	1	0	0	1	1	1	0.4067799999999998	1	-0.3875807459887477	-0.9089583874335985	0	-1	No data	0	-1	0
ADRA2C	0.4619748183558772	No data	No data	No data	No data	No data	No data	No data	No data	No data	No data	No data	No data	No data	0.7599134970145264	No data	No data	No data	No data	No data	No data	No data	No data	No data	1	1	0	1	1	0	0.5995649999999998	0	-0.3704938528860179	-0.05377051238253633	0	-1	No data	0	0.5	0
ADRA2A	0.4619748183558772	No data	No data	No data	No data	No data	No data	No data	No data	No data	No data	No data	No data	No data	0.7599134970145264	No data	No data	No data	No data	No data	No data	No data	No data	No data	1	1	0	1	1	0	0.6021500000000003	0	0.3796624296728486	-0.7860525957530664	0	-1	No data	0	0.5	0
ADRA2B	0.4619748183558772	No data	No data	No data	No data	No data	No data	No data	No data	No data	No data	No data	No data	No data	0.7599134970145264	No data	No data	No data	No data	No data	No data	No data	No data	No data	1	0	0	1	1	0	0.15555499999999967	0	No data	-0.8410782060696528	0	-1	No data	0	-1	0
GLIS3	0.45880158681972927	0.7546937720908761	No data	No data	No data	No data	No data	No data	No data	No data	No data	No data	No data	No data	No data	No data	No data	No data	No data	No data	No data	No data	No data	No data	No data	0	0	0	0	0	0.19892499999999985	No data	-0.21525317774536357	-0.7065079334132873	0	No data	No data	0	0.5	0
FDPS	0.4342563292545246	No data	No data	No data	No data	No data	No data	No data	No data	No data	No data	No data	No data	No data	0.7143186871936548	No data	No data	No data	No data	No data	No data	No data	No data	No data	1	0	0	1	1	1	0	1	-0.34798916440925187	No data	-1	-1	No data	No data	0.5	-1
COL11A1	0.43344085841414937	0.7088484362486889	No data	No data	No data	No data	No data	No data	No data	No data	No data	No data	No data	No data	No data	No data	No data	No data	No data	No data	No data	0.08257726667557853	No data	No data	1	0	1	0	0	0	0.6926900000000004	No data	-0.8686184621796207	-0.8291709063649996	0	No data	No data	-0.38538250000000007	0.5	0.5
ZC3H11B	0.4113598029513175	0.6766556400291408	No data	No data	No data	No data	No data	No data	No data	No data	No data	No data	No data	No data	No data	No data	No data	No data	No data	No data	No data	No data	No data	No data	No data	0	0	0	0	0	0	No data	No data	-0.7859450669651032	No data	No data	No data	-0.9844725000000001	1	1
TNC	0.40853023011372747	0.6720012075695474	No data	No data	No data	No data	No data	No data	No data	No data	No data	No data	No data	No data	No data	No data	No data	No data	No data	No data	No data	No data	No data	No data	0.5	0	1	0	0	0	0.020900000000000318	No data	-0.5664721817045217	-0.2990712457542502	0	No data	No data	0	0.5	-1
SMAD3	0.40822169931755864	0.6668603363765864	No data	No data	No data	No data	No data	No data	No data	No data	No data	No data	No data	No data	No data	No data	No data	No data	No data	No data	No data	0.0926672292192714	No data	No data	No data	0	0	0	1	0	1	No data	-0.6261721191914982	-0.8758300600357	0	No data	-1	-0.8058824999999998	-1	-1
ECRG4	0.4050309607114826	0.6662451751132341	No data	No data	No data	No data	No data	No data	No data	No data	No data	No data	No data	No data	No data	No data	No data	No data	No data	No data	No data	No data	No data	No data	No data	1	1	0	0	0	0.15540499999999965	No data	0.5566784746822255	-0.6280455282781094	0	No data	No data	No data	0.5	0
COLGALT2	0.40288751956406926	0.662719377183874	No data	No data	No data	No data	No data	No data	No data	No data	No data	No data	No data	No data	No data	No data	No data	No data	No data	No data	No data	No data	No data	No data	No data	0	0	0	0	0	0.6166150000000001	No data	0.004480100020837652	-0.27586546904939946	0	No data	No data	-0.07747499999999992	0.5	0
TGFA	0.3979040551520591	0.6545219566360276	No data	No data	No data	No data	No data	No data	No data	No data	No data	No data	No data	No data	No data	No data	No data	No data	No data	No data	No data	No data	No data	No data	0.5	0	1	0	0	0	0.59375	No data	-0.4252969368618462	-0.49354885213452326	0	-1	No data	0	0.5	0
ERG	0.3942928019047605	0.6485817192578817	No data	No data	No data	No data	No data	No data	No data	No data	No data	No data	No data	No data	No data	No data	No data	No data	No data	No data	No data	No data	No data	No data	No data	0	0	1	1	0	0.8225450000000002	No data	-0.7169201917066055	-0.9493363655178374	0	No data	No data	-0.08141999999999996	-1	0
C17orf67	0.39296849660055183	0.6464033375910678	No data	No data	No data	No data	No data	No data	No data	No data	No data	No data	No data	No data	No data	No data	No data	No data	No data	No data	No data	No data	No data	No data	No data	0	1	0	0	0	0.22222000000000008	No data	0.9214419670764742	No data	0	No data	No data	No data	-1	0
NGF	0.3921975531779873	No data	No data	No data	No data	No data	No data	No data	No data	No data	No data	No data	No data	No data	0.6411529941722195	No data	No data	No data	No data	No data	No data	0.07964400057710244	No data	No data	0.75	0	1	0	1	0	0.2531100000000002	No data	-0.4593665346947281	-0.9440334094766056	0	No data	No data	0	0.5	0
FGF18	0.390936138348823	0.6430602625902399	No data	No data	No data	No data	No data	No data	No data	No data	No data	No data	No data	No data	No data	No data	No data	No data	No data	No data	No data	No data	No data	No data	No data	0	1	0	0	0	0.90338	No data	-0.2752656803500729	-0.8480455290850392	0	No data	No data	0	0.5	0.5
NACA2	0.372383251522532	0.6125421725392344	No data	No data	No data	No data	No data	No data	No data	No data	No data	No data	No data	No data	No data	No data	No data	No data	No data	No data	No data	No data	No data	No data	No data	0	0	0	0	0	No data	No data	0.8455928318399666	No data	0	No data	No data	-0.7558150000000001	1	0.5
KCNN4	0.3695798546847018	No data	No data	No data	No data	No data	No data	No data	No data	No data	No data	No data	No data	No data	0.607930797611621	No data	No data	No data	No data	No data	No data	No data	No data	No data	1	1	0	1	1	0	0.3442599999999999	1	0.125130235465722	-0.9372415575775439	0	-1	No data	0	0.5	0
RFLNA	0.365731529512116	0.6016005949179845	No data	No data	No data	No data	No data	No data	No data	No data	No data	No data	No data	No data	No data	No data	No data	No data	No data	No data	No data	No data	No data	No data	No data	0	0	0	0	0	0	No data	0.5415711606584706	No data	0	No data	No data	0	1	0
MANSC4	0.36162427881730985	0.5948444794013132	No data	No data	No data	No data	No data	No data	No data	No data	No data	No data	No data	No data	No data	No data	No data	No data	No data	No data	No data	No data	No data	No data	No data	0	0	0	0	0	0	No data	0.9022713065221921	0	0	No data	No data	0	0.5	0.5
GSDMC	0.3564490510861915	0.5863316227547175	No data	No data	No data	No data	No data	No data	No data	No data	No data	No data	No data	No data	No data	No data	No data	No data	No data	No data	No data	No data	No data	No data	No data	0	0	0	0	0	0	No data	0.40102104605126065	0	0	No data	No data	0	0.5	0.5
KLHL42	0.35600657353685017	0.5856037807847437	No data	No data	No data	No data	No data	No data	No data	No data	No data	No data	No data	No data	No data	No data	No data	No data	No data	No data	No data	No data	No data	No data	No data	0	0	0	0	0	0.5445549999999997	No data	-0.2275474057095228	0	0	No data	No data	0	-1	-1
COL27A1	0.3505409326593169	0.5766132165642665	No data	No data	No data	No data	No data	No data	No data	No data	No data	No data	No data	No data	No data	No data	No data	No data	No data	No data	No data	No data	No data	No data	1	0	1	0	0	0	0.018815000000000026	No data	-0.7383829964575953	-0.8981987440373823	0	No data	No data	0	0.5	0
IL11	0.3426067570748098	0.5626502039978969	No data	No data	No data	No data	No data	No data	No data	No data	No data	No data	No data	No data	No data	No data	No data	No data	No data	No data	No data	0.01823792392834863	No data	No data	No data	0	1	0	0	0	0.3969850000000001	No data	0.6080433423629923	No data	0	No data	No data	No data	0.5	0
BMP5	0.33697559064995075	0.5536913282197428	No data	No data	No data	No data	No data	No data	No data	No data	No data	No data	No data	No data	No data	No data	No data	No data	No data	No data	No data	0.012158615952232422	No data	No data	No data	0	1	0	0	0	0.6585900000000002	No data	-0.26067930818920604	-0.9280691574491695	0	No data	No data	-0.04735750000000003	1	0
LTBP1	0.3290083810373758	0.5411938041796067	No data	No data	No data	No data	No data	No data	No data	No data	No data	No data	No data	No data	No data	No data	No data	No data	No data	No data	No data	No data	No data	No data	No data	0	1	0	0	0	0.44799500000000025	No data	-0.5309439466555532	-0.9505286647575641	0	No data	No data	0	0.5	0
CRADD	0.32792001575165475	0.5394035259275476	No data	No data	No data	No data	No data	No data	No data	No data	No data	No data	No data	No data	No data	No data	No data	No data	No data	No data	No data	No data	No data	No data	No data	0	0	0	0	0	0.4723599999999998	No data	-0.5804334236299229	-0.39200627018009526	0	No data	No data	No data	-1	-1
RDX	0.3240903524656197	0.5331040206202319	No data	No data	No data	No data	No data	No data	No data	No data	No data	No data	No data	No data	No data	No data	No data	No data	No data	No data	No data	No data	No data	No data	No data	1	0	0	0	0	0.9228149999999999	No data	-0.6929568660137528	-0.8021704652856004	0	No data	No data	-0.519725	0.5	-1
RUNX2	0.3221113739301299	0.5298487511993297	No data	No data	No data	No data	No data	No data	No data	No data	No data	No data	No data	No data	No data	No data	No data	No data	No data	No data	No data	No data	No data	No data	No data	0	0	0	0	0	0.9328200000000002	No data	-0.699520733486143	-0.9421198341310694	0	No data	No data	0	0.5	0
TSKU	0.3159460866210844	0.5197073217253385	No data	No data	No data	No data	No data	No data	No data	No data	No data	No data	No data	No data	No data	No data	No data	No data	No data	No data	No data	No data	No data	No data	No data	0	1	0	0	0	0.2067999999999998	No data	-0.5300062513023547	-0.05377051238253633	0	No data	No data	0	0.5	-1
SENP6	0.3122281565723196	0.5120717821150521	No data	No data	No data	No data	No data	No data	No data	No data	No data	No data	No data	No data	No data	No data	No data	No data	No data	No data	No data	0.030396539880581056	No data	No data	No data	0	0	0	1	0	0.060249999999999915	No data	-0.869660345905397	No data	-1	No data	No data	0	-1	-1
LRIG3	0.3109459957242283	0.5114825518724211	No data	No data	No data	No data	No data	No data	No data	No data	No data	No data	No data	No data	No data	No data	No data	No data	No data	No data	No data	No data	No data	No data	No data	0	0	0	0	0	0.29847999999999997	No data	-0.32683892477599497	-0.9237133841508895	0	No data	No data	0	-1	0
NCOR2	0.30156671752281033	0.49605435142877463	No data	No data	No data	No data	No data	No data	No data	No data	No data	No data	No data	No data	No data	No data	No data	No data	No data	No data	No data	No data	No data	No data	No data	0	0	1	1	0	0.3715200000000003	0	-0.9243592415086477	-0.9310889060000651	0	-1	-1	0	-1	-1
FTO	0.3015612794963283	0.4945255792941089	No data	No data	No data	No data	No data	No data	No data	No data	No data	No data	No data	No data	No data	No data	No data	No data	No data	No data	No data	0.030396539880581056	No data	No data	0.75	1	0	1	1	0	0.3366349999999997	0	-0.07553657011877479	-0.8263520867351067	0	-1	No data	No data	-1	-1
RALGPS1	0.29448072796797387	0.48439843667223453	No data	No data	No data	No data	No data	No data	No data	No data	No data	No data	No data	No data	No data	No data	No data	No data	No data	No data	No data	No data	No data	No data	No data	1	0	0	0	0	0.8384199999999999	No data	-0.9607209835382371	-0.011491042657841566	0	No data	No data	-0.11130999999999994	-1	-1
TOB1	0.2944481206322997	0.4843448000810267	No data	No data	No data	No data	No data	No data	No data	No data	No data	No data	No data	No data	No data	No data	No data	No data	No data	No data	No data	No data	No data	No data	No data	0	0	0	0	0	0.8260849999999997	No data	-0.7407793290268806	0	0	No data	No data	0	-1	-1
P3H2	0.2930413522524229	0.4820307729164159	No data	No data	No data	No data	No data	No data	No data	No data	No data	No data	No data	No data	No data	No data	No data	No data	No data	No data	No data	No data	No data	No data	No data	0	0	0	0	0	0.45621500000000026	No data	0.2988122525526151	-0.7102526350367557	0	No data	No data	0	-1	0
HDAC9	0.28979549293653717	0.4766915808099496	No data	No data	No data	No data	No data	No data	No data	No data	No data	No data	No data	No data	No data	No data	No data	No data	No data	No data	No data	No data	No data	No data	1	0	0	1	1	0	0.6024299999999997	No data	-0.8277766201291936	-0.48385841815699465	0	No data	No data	-0.034145	-1	-1
TSEN15	0.28235835865674513	0.46445805964436576	No data	No data	No data	No data	No data	No data	No data	No data	No data	No data	No data	No data	No data	No data	No data	No data	No data	No data	No data	No data	No data	No data	No data	0	0	0	0	0	0.5321649999999998	No data	-0.14180037507814125	No data	0	No data	No data	No data	-1	-1
CA2	0.27718489101352634	No data	No data	No data	No data	No data	No data	No data	No data	No data	No data	No data	No data	No data	0.4559480982087158	No data	No data	No data	No data	No data	No data	No data	No data	No data	1	1	0	1	1	1	0	0	0.5180245884559282	-0.31551310261872967	0	No data	No data	-0.009614999999999974	0.5	0
CA1	0.27718489101352634	No data	No data	No data	No data	No data	No data	No data	No data	No data	No data	No data	No data	No data	0.4559480982087158	No data	No data	No data	No data	No data	No data	No data	No data	No data	1	0	0	1	1	0	0	No data	0.7404667639091478	No data	0	No data	No data	0	0.75	0
SOX5	0.27519849921667017	0.4526806345357779	No data	No data	No data	No data	No data	No data	No data	No data	No data	No data	No data	No data	No data	No data	No data	No data	No data	No data	No data	No data	No data	No data	No data	0	0	0	0	0	0.8492800000000003	No data	-0.9014377995415712	-0.6383668303980774	0	No data	No data	-0.03669750000000001	0.5	0
PDE1C	0.26901549044972684	0.44251005460918996	No data	No data	No data	No data	No data	No data	No data	No data	No data	No data	No data	No data	No data	No data	No data	No data	No data	No data	No data	No data	No data	No data	1	0	0	1	1	0	0.48519000000000007	1	-0.2589081058553865	-0.3444418667398136	0	No data	No data	0	0.5	0
SPAG17	0.26428595575094543	0.4347303291579341	No data	No data	No data	No data	No data	No data	No data	No data	No data	No data	No data	No data	No data	No data	No data	No data	No data	No data	No data	No data	No data	No data	No data	0	0	0	0	0	0	No data	-0.3494478016253386	-0.8892119856387589	0	No data	No data	No data	0.5	0
TRPV1	0.25870589827929125	No data	No data	No data	No data	No data	No data	No data	No data	No data	No data	No data	No data	No data	0.42555155832813474	No data	No data	No data	No data	No data	No data	No data	No data	No data	1	1	0	1	1	0	0.3444600000000001	1	0.213481975411544	-0.9131001049313087	0	-1	No data	0	0.5	-1
FAAH	0.25870589827929125	No data	No data	No data	No data	No data	No data	No data	No data	No data	No data	No data	No data	No data	0.42555155832813474	No data	No data	No data	No data	No data	No data	No data	No data	No data	1	0	0	1	1	0	0.1796199999999999	1	0.17722442175453224	-0.3149027894336745	0	-1	No data	0	-1	-1
NOG	0.2557937910270588	0.4207613630235487	No data	No data	No data	No data	No data	No data	No data	No data	No data	No data	No data	No data	No data	No data	No data	No data	No data	No data	No data	No data	No data	No data	No data	0	1	0	0	0	0.956895	No data	-0.6057511981662846	-0.9448492943376499	0	No data	No data	No data	0.5	0.5
PTCH1	0.25561364051510194	0.4204650291107668	No data	No data	No data	No data	No data	No data	No data	No data	No data	No data	No data	No data	No data	No data	No data	No data	No data	No data	No data	No data	No data	No data	No data	0	0	0	0	0	0.7581200000000002	No data	-0.9916649301937903	-0.9591786076002486	0	No data	-1	0	0.5	0
UQCC1	0.25479186075861476	0.4191132638116313	No data	No data	No data	No data	No data	No data	No data	No data	No data	No data	No data	No data	No data	No data	No data	No data	No data	No data	No data	No data	No data	No data	No data	1	0	0	0	0	0.29765999999999976	No data	0.1606584705146905	No data	0	No data	No data	No data	-1	-1
TMEM18	0.25417267873488225	0.4180947563990029	No data	No data	No data	No data	No data	No data	No data	No data	No data	No data	No data	No data	No data	No data	No data	No data	No data	No data	No data	No data	No data	No data	No data	0	0	0	0	0	0	No data	0.46738903938320475	-0.21841049718135552	0	No data	No data	No data	-1	-1
CAVIN2	0.25139882785867623	0.4135319823347448	No data	No data	No data	No data	No data	No data	No data	No data	No data	No data	No data	No data	No data	No data	No data	No data	No data	No data	No data	No data	No data	No data	No data	1	0	0	0	0	0.14117499999999977	No data	0.7572410918941446	-0.7253734176119072	0	No data	No data	0	0.5	-1
TRIM32	0.2498681673715986	0.41101416206130065	No data	No data	No data	No data	No data	No data	No data	No data	No data	No data	No data	No data	No data	No data	No data	No data	No data	No data	No data	No data	No data	No data	No data	0	0	0	0	0	0.80092	No data	-0.07001458637216085	-0.23955253413669136	0	No data	No data	0	-1	0
ASTN2	0.24967014565388926	0.40764877738401395	No data	No data	No data	No data	No data	No data	No data	No data	No data	No data	No data	No data	No data	No data	No data	No data	No data	No data	No data	0.06079307976116211	No data	No data	No data	0	0	0	0	0	0.869305	No data	-0.8295478224630131	No data	0	No data	No data	0	-1	-1
HFE	0.24931627188154967	0.409498405089695	No data	No data	No data	No data	No data	No data	No data	No data	No data	No data	No data	No data	No data	No data	No data	No data	No data	No data	No data	0.012158615952232422	No data	No data	No data	1	0	0	0	0	0	No data	0.3331944155032298	-0.727213425082408	0	No data	No data	0	-1	0
MLXIP	0.2460025291961003	0.4046554807925029	No data	No data	No data	No data	No data	No data	No data	No data	No data	No data	No data	No data	No data	No data	No data	No data	No data	No data	No data	No data	No data	No data	No data	0	0	0	0	0	0.3579999999999998	No data	-0.7654719733277766	No data	0	No data	No data	0	0.5	-1
TLR4	0.24022361446086854	0.3951496048639673	No data	No data	No data	No data	No data	No data	No data	No data	No data	No data	No data	No data	No data	No data	No data	No data	No data	No data	No data	No data	No data	No data	0.75	1	0	1	1	0	0	0	0.10252135861637846	-0.9683809999700213	0	-1	No data	0	-1	-1
ITIH1	0.23931809200434373	0.3936600891821128	No data	No data	No data	No data	No data	No data	No data	No data	No data	No data	No data	No data	No data	No data	No data	No data	No data	No data	No data	No data	No data	No data	No data	0	1	0	0	0	0.0998899999999999	No data	0.379245676182538	No data	0	No data	No data	0	1	0.5
TGFB1	0.2383874099863273	0.38447517032045186	No data	No data	No data	No data	No data	No data	No data	No data	No data	No data	No data	No data	No data	No data	No data	No data	No data	No data	No data	0.15308035223192623	No data	No data	1	0	1	0	0	0	0.5	No data	-0.3610127109814545	-0.981238573722934	0	-1	No data	0	-1	0
DYNC1I1	0.23835349001570091	0.39207339215601633	No data	No data	No data	No data	No data	No data	No data	No data	No data	No data	No data	No data	No data	No data	No data	No data	No data	No data	No data	No data	No data	No data	No data	0	0	0	0	0	0.9044600000000003	No data	-0.2881850385496979	No data	0	No data	No data	-0.4426749999999998	0.5	0
KCNMA1	0.22589365235092349	0.37157790531157875	No data	No data	No data	No data	No data	No data	No data	No data	No data	No data	No data	No data	No data	No data	No data	No data	No data	No data	No data	No data	No data	No data	0.75	1	0	1	1	0	0.9231400000000001	No data	-0.7897478641383622	-0.8217335196714461	0	-1	No data	0	0.5	0
MAML2	0.22388003311058743	0.3682656545615806	No data	No data	No data	No data	No data	No data	No data	No data	No data	No data	No data	No data	No data	No data	No data	No data	No data	No data	No data	No data	No data	No data	No data	0	0	0	0	0	0.1825249999999997	No data	-0.8518441341946239	-0.05377051238253633	0	No data	No data	0	-1	-1
TLN2	0.2227865736935519	0.36646699685032236	No data	No data	No data	No data	No data	No data	No data	No data	No data	No data	No data	No data	No data	No data	No data	No data	No data	No data	No data	No data	No data	No data	No data	0	0	0	0	0	0.9350900000000003	No data	-0.7859970827255678	0	0	No data	No data	-0.4040125	0.5	-1
CPNE4	0.22122269190150537	0.3638945300528011	No data	No data	No data	No data	No data	No data	No data	No data	No data	No data	No data	No data	No data	No data	No data	No data	No data	No data	No data	No data	No data	No data	No data	0	0	0	0	0	0.9730699999999999	No data	-0.5318816420087518	No data	0	No data	No data	-0.21005499999999983	0.75	0.5
PTHLH	0.22106935427904703	0.36242643971203514	No data	No data	No data	No data	No data	No data	No data	No data	No data	No data	No data	No data	No data	No data	No data	No data	No data	No data	No data	0.024317231904464845	No data	No data	0.5	0	1	0	0	0	0.26553499999999985	No data	-0.521671181496145	-0.92565299598313	0	No data	No data	No data	0.5	0
DGKE	0.2079127854626285	0.34200074462332863	No data	No data	No data	No data	No data	No data	No data	No data	No data	No data	No data	No data	No data	No data	No data	No data	No data	No data	No data	No data	No data	No data	No data	0	0	0	0	0	0.5326300000000004	No data	-0.24869764534277972	-0.21934101434446546	0	No data	No data	0	0.5	-1
MAPT	0.20703829528226847	0.3405622746793882	No data	No data	No data	No data	No data	No data	No data	No data	No data	No data	No data	No data	No data	No data	No data	No data	No data	No data	No data	No data	No data	No data	0.5	1	1	1	1	0	0	1	-0.41185663679933315	-0.8346783241376273	0	No data	No data	0	0.5	0
TACC3	0.20048429454663522	0.3297814411348763	No data	No data	No data	No data	No data	No data	No data	No data	No data	No data	No data	No data	No data	No data	No data	No data	No data	No data	No data	No data	No data	No data	No data	0	0	0	0	0	0	0	-0.2497395290685559	-0.7874060588727183	0	No data	No data	0	0.5	-1
SOCS3	0.19402533959294646	0.31915695068454203	No data	No data	No data	No data	No data	No data	No data	No data	No data	No data	No data	No data	No data	No data	No data	No data	No data	No data	No data	No data	No data	No data	No data	1	0	0	0	0	0.8444450000000003	No data	-0.30673056886851424	-0.8129776682402162	0	No data	No data	0	0.5	-1
RGL1	0.19402058139894024	0.31914912381670624	No data	No data	No data	No data	No data	No data	No data	No data	No data	No data	No data	No data	No data	No data	No data	No data	No data	No data	No data	No data	No data	No data	No data	0	0	0	0	0	0.7135399999999997	No data	-0.7271306522192124	-0.8875858161187472	0	No data	No data	0	-1	-1
NF1	0.1918144755881127	0.31552024727435196	No data	No data	No data	No data	No data	No data	No data	No data	No data	No data	No data	No data	No data	No data	No data	No data	No data	No data	No data	No data	No data	No data	No data	1	0	0	0	1	0.9242699999999999	No data	-0.7715148989372786	-0.976825678357768	0	No data	-1	0	-1	-1
PLEC	0.1916263247897373	0.3142988573014807	No data	No data	No data	No data	No data	No data	No data	No data	No data	No data	No data	No data	No data	No data	No data	No data	No data	No data	No data	0.01823792392834863	No data	No data	No data	0	0	1	1	0	0.65032	No data	-0.6364867680766826	-0.8853322860436458	0	No data	No data	0	0.5	-1
TCP11	0.1908592681413684	0.3139490035563218	No data	No data	No data	No data	No data	No data	No data	No data	No data	No data	No data	No data	No data	No data	No data	No data	No data	No data	No data	No data	No data	No data	No data	0	0	0	0	0	0	No data	0.16628464263388198	No data	0	No data	No data	-0.21471249999999992	1	1
PTPRJ	0.1830790922530111	0.3011512049928615	No data	No data	No data	No data	No data	No data	No data	No data	No data	No data	No data	No data	No data	No data	No data	No data	No data	No data	No data	No data	No data	No data	No data	1	1	0	0	0	0	No data	-0.34173786205459467	-0.9503886265933753	0	No data	No data	0	-1	0
HLA-DPB1	0.1779269374060403	0.2926763014886928	No data	No data	No data	No data	No data	No data	No data	No data	No data	No data	No data	No data	No data	No data	No data	No data	No data	No data	No data	No data	No data	No data	No data	0	0	0	0	0	No data	No data	0.6846217962075432	No data	0	-1	No data	-0.06976750000000002	0.5	0
SUPT3H	0.17618314737922816	0.2898078993059724	No data	No data	No data	No data	No data	No data	No data	No data	No data	No data	No data	No data	No data	No data	No data	No data	No data	No data	No data	No data	No data	No data	No data	0	0	0	0	0	0.35330999999999974	No data	0.40852260887684944	No data	0	No data	No data	0	-1	0
SLC27A6	0.17223524521325084	0.2833139000193966	No data	No data	No data	No data	No data	No data	No data	No data	No data	No data	No data	No data	No data	No data	No data	No data	No data	No data	No data	No data	No data	No data	No data	0	0	0	0	0	0	No data	0.5266722233798709	No data	0	No data	No data	0	0.5	0
FBN2	0.1721216213026769	0.28312699731431845	No data	No data	No data	No data	No data	No data	No data	No data	No data	No data	No data	No data	No data	No data	No data	No data	No data	No data	No data	No data	No data	No data	No data	0	1	0	0	0	0.8162750000000003	No data	-0.8820587622421338	-0.9210043502789045	0	No data	No data	-0.1878425	1	0.5
ATP2B1	0.1625555365973265	0.2673915143565004	No data	No data	No data	No data	No data	No data	No data	No data	No data	No data	No data	No data	No data	No data	No data	No data	No data	No data	No data	No data	No data	No data	No data	1	0	0	0	0	0.9754100000000001	No data	-0.987393206918108	-0.9021912473465862	0	No data	No data	-0.5307375000000001	0.5	-1
SLBP	0.15400536639225157	0.25332713361009634	No data	No data	No data	No data	No data	No data	No data	No data	No data	No data	No data	No data	No data	No data	No data	No data	No data	No data	No data	No data	No data	No data	No data	0	0	0	0	0	0.4444450000000003	No data	-0.19910397999583251	-0.1317761340245982	-1	No data	No data	No data	-1	-1
METTL15	0.15211122916052422	0.25021142169162003	No data	No data	No data	No data	No data	No data	No data	No data	No data	No data	No data	No data	No data	No data	No data	No data	No data	No data	No data	No data	No data	No data	No data	0	0	0	0	0	0	No data	0.48082933944571793	-0.1317761340245982	0	No data	No data	No data	-1	-1
STH	0.15197363254334265	0.24998508570449426	No data	No data	No data	No data	No data	No data	No data	No data	No data	No data	No data	No data	No data	No data	No data	No data	No data	No data	No data	No data	No data	No data	No data	0	0	0	0	0	No data	No data	No data	No data	0	No data	No data	No data	0.5	1
ZC3H12C	0.15141300274029754	0.24906289224884492	No data	No data	No data	No data	No data	No data	No data	No data	No data	No data	No data	No data	No data	No data	No data	No data	No data	No data	No data	No data	No data	No data	No data	0	0	0	0	0	0.6036250000000003	No data	-0.8219420712648469	-0.25143122941720414	0	No data	No data	0	-1	-1
RPGRIP1L	0.14579575921148125	0.2398229531786666	No data	No data	No data	No data	No data	No data	No data	No data	No data	No data	No data	No data	No data	No data	No data	No data	No data	No data	No data	No data	No data	No data	No data	1	0	0	0	0	0.09885999999999981	No data	0.058241300270889695	-0.9886888402309426	0	No data	No data	0	0.5	-1
H4C8	0.13934466971892365	0.22921140081464422	No data	No data	No data	No data	No data	No data	No data	No data	No data	No data	No data	No data	No data	No data	No data	No data	No data	No data	No data	No data	No data	No data	No data	0	0	0	1	0	1	No data	0.991769118566368	No data	0	No data	No data	-1	0.5	0.5
BRWD1	0.1366974727151187	0.22485696275326458	No data	No data	No data	No data	No data	No data	No data	No data	No data	No data	No data	No data	No data	No data	No data	No data	No data	No data	No data	No data	No data	No data	No data	0	0	1	1	0	No data	No data	-0.8609085226088768	-0.20745952736406031	0	No data	No data	0	-1	-1
TMEM129	0.13540221012743203	0.2227263541498259	No data	No data	No data	No data	No data	No data	No data	No data	No data	No data	No data	No data	No data	No data	No data	No data	No data	No data	No data	No data	No data	No data	No data	0	0	0	0	0	0.4613250000000001	No data	0.7962075432381746	-0.18446368749529568	0	No data	No data	No data	-1	-1
LRMDA	0.13471674228798292	0.22159881160363126	No data	No data	No data	No data	No data	No data	No data	No data	No data	No data	No data	No data	No data	No data	No data	No data	No data	No data	No data	No data	No data	No data	No data	0	0	0	0	0	0.40265500000000004	No data	0.3467389039383204	0	0	No data	No data	0	0.5	-1
THADA	0.13378314497235005	0.2200631149103552	No data	No data	No data	No data	No data	No data	No data	No data	No data	No data	No data	No data	No data	No data	No data	No data	No data	No data	No data	No data	No data	No data	No data	0	0	0	0	0	0	No data	0.07261929568660141	No data	0	No data	No data	No data	-1	-1
H2BC4	0.13196884012121302	0.21707872119602964	No data	No data	No data	No data	No data	No data	No data	No data	No data	No data	No data	No data	No data	No data	No data	No data	No data	No data	No data	No data	No data	No data	No data	0	0	0	0	0	No data	No data	0.9448843509064389	No data	-1	No data	No data	-1	-1	0
KANSL1	0.13113983602985113	0.21571507241459137	No data	No data	No data	No data	No data	No data	No data	No data	No data	No data	No data	No data	No data	No data	No data	No data	No data	No data	No data	No data	No data	No data	No data	0	0	0	0	0	0.5791849999999996	No data	-0.8412169201917066	0	-1	No data	No data	0	-1	0
CLDN23	0.12561657509341073	0.20662972757248166	No data	No data	No data	No data	No data	No data	No data	No data	No data	No data	No data	No data	No data	No data	No data	No data	No data	No data	No data	No data	No data	No data	No data	1	0	0	0	0	0.02397500000000008	No data	0.7875599083142322	0	0	No data	No data	0	0.5	0
FAM53A	0.12419376846064673	0.20428931869970568	No data	No data	No data	No data	No data	No data	No data	No data	No data	No data	No data	No data	No data	No data	No data	No data	No data	No data	No data	No data	No data	No data	No data	1	0	0	0	0	0	No data	0.31777453636174213	-0.7319901383430222	0	No data	No data	0	0.5	0
LTBP3	0.11757901982664569	0.1934085594751551	No data	No data	No data	No data	No data	No data	No data	No data	No data	No data	No data	No data	No data	No data	No data	No data	No data	No data	No data	No data	No data	No data	No data	0	1	0	0	0	0.53185	No data	-0.7101479474890602	-0.6402741151164837	0	No data	No data	0	-1	-1
ZNRD2	0.11403186650790587	0.18757376161218198	No data	No data	No data	No data	No data	No data	No data	No data	No data	No data	No data	No data	No data	No data	No data	No data	No data	No data	No data	No data	No data	No data	No data	0	0	0	0	0	0.4723599999999998	No data	0.771410710564701	No data	0	No data	No data	No data	-1	-1
ZFP36L2	0.11055272764403745	0.18185084236292381	No data	No data	No data	No data	No data	No data	No data	No data	No data	No data	No data	No data	No data	No data	No data	No data	No data	No data	No data	No data	No data	No data	No data	0	0	0	0	0	0.42307500000000003	No data	-0.7770368826838925	-0.8691740264408959	0	No data	No data	0	-1	-1
OMG	0.10089831896244701	0.16597007317090437	No data	No data	No data	No data	No data	No data	No data	No data	No data	No data	No data	No data	No data	No data	No data	No data	No data	No data	No data	No data	No data	No data	No data	1	0	0	0	0	0.42045499999999975	No data	-0.7944363409043551	No data	0	No data	No data	0	1	0.5
NEK4	0.1002782879933172	0.1649501693075605	No data	No data	No data	No data	No data	No data	No data	No data	No data	No data	No data	No data	No data	No data	No data	No data	No data	No data	No data	No data	No data	No data	No data	0	0	1	1	0	0	No data	0.2987080641800375	No data	0	-1	No data	0	0.5	-1
GARIN5B	0.10017687814218704	0.16478335780281594	No data	No data	No data	No data	No data	No data	No data	No data	No data	No data	No data	No data	No data	No data	No data	No data	No data	No data	No data	No data	No data	No data	No data	No data	No data	0	0	0	0	No data	-0.02281725359449882	No data	No data	No data	No data	0	1	1
SLC25A13	0.0982279588058758	0.16157753348207424	No data	No data	No data	No data	No data	No data	No data	No data	No data	No data	No data	No data	No data	No data	No data	No data	No data	No data	No data	No data	No data	No data	No data	0	0	0	0	0	0.7777799999999999	No data	0.3872681808710148	-0.7985378822745604	0	No data	No data	-0.42222250000000017	1	-1
COX6B2	0.09752214488357498	0.16041652317452978	No data	No data	No data	No data	No data	No data	No data	No data	No data	No data	No data	No data	No data	No data	No data	No data	No data	No data	No data	No data	No data	No data	No data	1	0	0	0	0	0	No data	0.756615961658679	No data	0	No data	No data	0	1	0.5
RILPL2	0.095119040754062	0.15646359935663132	No data	No data	No data	No data	No data	No data	No data	No data	No data	No data	No data	No data	No data	No data	No data	No data	No data	No data	No data	No data	No data	No data	No data	0	0	0	0	0	0	No data	0.29131068972702656	-0.11718971696957875	0	No data	No data	0	0.5	-1
XKR6	0.09471473744992884	0.1557985511213362	No data	No data	No data	No data	No data	No data	No data	No data	No data	No data	No data	No data	No data	No data	No data	No data	No data	No data	No data	No data	No data	No data	No data	0	0	0	0	0	0.6879899999999999	No data	-0.9038341321108564	No data	0	No data	No data	0	-1	0.5
HLA-DPA1	0.09357421376671626	0.1539224762659524	No data	No data	No data	No data	No data	No data	No data	No data	No data	No data	No data	No data	No data	No data	No data	No data	No data	No data	No data	No data	No data	No data	No data	0	0	0	0	0	No data	No data	0.6608668472598458	No data	0	-1	No data	0	0.5	-1
CDK2AP1	0.08667731068377349	0.14257759439775516	No data	No data	No data	No data	No data	No data	No data	No data	No data	No data	No data	No data	No data	No data	No data	No data	No data	No data	No data	No data	No data	No data	No data	0	0	0	1	0	0.869565	No data	-0.06636799333194421	-0.3702323432718774	0	No data	No data	-0.06521749999999997	0.5	-1
ERI1	0.08329461336323442	0.13701331416416823	No data	No data	No data	No data	No data	No data	No data	No data	No data	No data	No data	No data	No data	No data	No data	No data	No data	No data	No data	No data	No data	No data	No data	0	0	0	0	0	0.16905500000000018	No data	0.19972911023129813	No data	0	No data	No data	0	-1	-1
EHBP1L1	0.08227627723837314	0.13533822856419203	No data	No data	No data	No data	No data	No data	No data	No data	No data	No data	No data	No data	No data	No data	No data	No data	No data	No data	No data	No data	No data	No data	No data	1	0	0	0	0	0	No data	-0.30808501771202335	-0.3444418667398136	0	No data	No data	0	0.5	0
CCDC33	0.08149598436266975	0.13405470603371827	No data	No data	No data	No data	No data	No data	No data	No data	No data	No data	No data	No data	No data	No data	No data	No data	No data	No data	No data	No data	No data	No data	No data	No data	No data	0	0	0	0	No data	0.23036049176911866	0	0	No data	No data	No data	0.75	0.5
PBRM1	0.08099209935804531	0.1332258534626624	No data	No data	No data	No data	No data	No data	No data	No data	No data	No data	No data	No data	No data	No data	No data	No data	No data	No data	No data	No data	No data	No data	No data	0	0	1	1	1	0.909035	1	-0.9589497812044175	-0.8460173662828604	0	No data	-1	No data	-1	-1
PSMG1	0.07987970736486519	0.13139605310125552	No data	No data	No data	No data	No data	No data	No data	No data	No data	No data	No data	No data	No data	No data	No data	No data	No data	No data	No data	No data	No data	No data	No data	0	0	0	1	0	0.2534700000000001	No data	0.016670139612419144	-0.21311136101467038	0	No data	No data	No data	0.5	-1
RASGRP3	0.07870570835495506	0.12946491387533965	No data	No data	No data	No data	No data	No data	No data	No data	No data	No data	No data	No data	No data	No data	No data	No data	No data	No data	No data	No data	No data	No data	No data	0	0	1	1	0	0.6956499999999999	No data	-0.48249635340695973	0	0	No data	No data	0	0.5	0
MTMR2	0.07686592015016143	0.12643860197927909	No data	No data	No data	No data	No data	No data	No data	No data	No data	No data	No data	No data	No data	No data	No data	No data	No data	No data	No data	No data	No data	No data	No data	0	0	0	0	0	0.8678049999999999	No data	-0.3128776828505939	-0.6785710660573254	0	No data	No data	-0.23794749999999992	-1	-1
TNFSF11	0.07485531973426399	No data	No data	No data	No data	No data	No data	No data	No data	No data	No data	No data	No data	No data	0.12158615952232422	No data	No data	No data	No data	No data	No data	0.03090314887859074	No data	No data	1	1	1	1	1	0	0.1798099999999998	No data	-0.0709522817253595	-0.6685123132198373	0	No data	No data	0	0.5	0.5
GLT8D1	0.07456078704630957	0.12264683305934931	No data	No data	No data	No data	No data	No data	No data	No data	No data	No data	No data	No data	No data	No data	No data	No data	No data	No data	No data	No data	No data	No data	No data	0	0	0	0	0	0.5283000000000001	No data	0.27557824546780574	0	0	No data	No data	0	-1	-1
ECM1	0.07295652882970256	0.11940001931172159	No data	No data	No data	No data	No data	No data	No data	No data	No data	No data	No data	No data	No data	No data	No data	No data	No data	No data	No data	0.012158615952232422	No data	No data	No data	0	1	0	0	0	0	No data	0.2659929151906648	-0.6307085104686008	0	No data	No data	No data	0.5	0
MFHAS1	0.07252959456358551	0.11930567566001374	No data	No data	No data	No data	No data	No data	No data	No data	No data	No data	No data	No data	No data	No data	No data	No data	No data	No data	No data	No data	No data	No data	No data	0	0	0	0	0	0.6815600000000004	No data	-0.10991873306938948	No data	0	No data	No data	0	-1	-1
RP1L1	0.07248420723036551	0.11923101694326782	No data	No data	No data	No data	No data	No data	No data	No data	No data	No data	No data	No data	No data	No data	No data	No data	No data	No data	No data	No data	No data	No data	No data	0	0	0	0	0	0	No data	0.9847884976036674	-0.2327005891191361	0	No data	No data	0	1	1
RAB28	0.06820003178052768	0.11218387363901496	No data	No data	No data	No data	No data	No data	No data	No data	No data	No data	No data	No data	No data	No data	No data	No data	No data	No data	No data	No data	No data	No data	No data	1	0	0	0	0	0.7737549999999999	No data	-0.18441341946238798	-0.6721549014381539	0	No data	No data	0	-1	-1
GNL3	0.06469313846770253	0.10641530042870435	No data	No data	No data	No data	No data	No data	No data	No data	No data	No data	No data	No data	No data	No data	No data	No data	No data	No data	No data	No data	No data	No data	No data	0	0	0	0	0	0	No data	0.41508647634923945	-0.6792774880862253	-1	No data	No data	0	-1	-1
ITIH3	0.06307663927092697	0.10375628199580657	No data	No data	No data	No data	No data	No data	No data	No data	No data	No data	No data	No data	No data	No data	No data	No data	No data	No data	No data	No data	No data	No data	No data	0	1	0	0	0	0.2471899999999998	No data	-0.024796832673473657	No data	0	No data	No data	0	1	0
PARP10	0.06143273991973292	0.10105219238946908	No data	No data	No data	No data	No data	No data	No data	No data	No data	No data	No data	No data	No data	No data	No data	No data	No data	No data	No data	No data	No data	No data	No data	0	0	1	1	1	0	No data	-0.20785580329235254	0	0	No data	No data	0	-1	-1
SPAG9	0.060418548704420184	0.09938392485096438	No data	No data	No data	No data	No data	No data	No data	No data	No data	No data	No data	No data	No data	No data	No data	No data	No data	No data	No data	No data	No data	No data	No data	0	0	0	0	0	0.7804699999999997	No data	-0.9483225672015003	0	0	No data	No data	0	-1	-1
LMAN1L	0.060395106674735397	0.09934536449215893	No data	No data	No data	No data	No data	No data	No data	No data	No data	No data	No data	No data	No data	No data	No data	No data	No data	No data	No data	No data	No data	No data	No data	0	0	0	0	0	0	No data	0.33246509689518655	No data	0	No data	No data	0	0.75	0.5
H2AC6	0.059125209724968195	0.09725648043700619	No data	No data	No data	No data	No data	No data	No data	No data	No data	No data	No data	No data	No data	No data	No data	No data	No data	No data	No data	No data	No data	No data	No data	0	0	0	0	0	No data	No data	0.15367784955198993	No data	-1	No data	No data	-0.98077	-1	0
SPCS1	0.058995540601057335	0.09704318457435161	No data	No data	No data	No data	No data	No data	No data	No data	No data	No data	No data	No data	No data	No data	No data	No data	No data	No data	No data	No data	No data	No data	No data	0	0	0	0	0	0.7058799999999998	No data	0.2680766826422172	No data	0	No data	No data	No data	-1	-1
H4C3	0.05858100061710114	0.09636129777805046	No data	No data	No data	No data	No data	No data	No data	No data	No data	No data	No data	No data	No data	No data	No data	No data	No data	No data	No data	No data	No data	No data	No data	0	0	No data	No data	No data	No data	No data	0.9854136278391332	0	0	No data	No data	-1	0.5	0.5
WFIKKN2	0.05799686025071269	0.09540043123093134	No data	No data	No data	No data	No data	No data	No data	No data	No data	No data	No data	No data	No data	No data	No data	No data	No data	No data	No data	No data	No data	No data	No data	0	1	0	0	0	0.609375	No data	-0.18951864971869137	0	0	No data	No data	0	1	0.5
UXS1	0.0550295907730302	0.09051949825411883	No data	No data	No data	No data	No data	No data	No data	No data	No data	No data	No data	No data	No data	No data	No data	No data	No data	No data	No data	No data	No data	No data	No data	0	0	0	0	0	0.87059	No data	-0.3628881016878517	0	0	No data	No data	0	-1	-1
RPRD2	0.0542414951758535	0.08922314083930633	No data	No data	No data	No data	No data	No data	No data	No data	No data	No data	No data	No data	No data	No data	No data	No data	No data	No data	No data	No data	No data	No data	No data	0	0	0	0	0	0.534565	No data	-0.9952073348614294	No data	0	No data	No data	0	-1	-1
H1-6	0.05233747892433354	0.08609117868341577	No data	No data	No data	No data	No data	No data	No data	No data	No data	No data	No data	No data	No data	No data	No data	No data	No data	No data	No data	No data	No data	No data	No data	0	0	0	0	0	0	No data	No data	No data	0	No data	No data	0	1	1
FGFR3	0.04915383593223567	0.08085432770530206	No data	No data	No data	No data	No data	No data	No data	No data	No data	No data	No data	No data	No data	No data	No data	No data	No data	No data	No data	No data	No data	No data	1	0	1	1	1	0	0.36724499999999977	1	-0.3719524901021046	-0.9425062525911276	0	-1	-1	-0.16252999999999992	0.5	0
ARIH2	0.04880404143942536	0.0802789423256099	No data	No data	No data	No data	No data	No data	No data	No data	No data	No data	No data	No data	No data	No data	No data	No data	No data	No data	No data	No data	No data	No data	No data	0	0	0	0	0	0.8884399999999999	No data	-0.7821421129401959	-0.8978858792511918	0	No data	No data	0	-1	-1
NPM1	0.04698954766179661	0.07729423784155127	No data	No data	No data	No data	No data	No data	No data	No data	No data	No data	No data	No data	No data	No data	No data	No data	No data	No data	No data	No data	No data	No data	1	0	0	1	1	0	0.7108849999999997	No data	-0.9306105438633049	-0.9140972064396476	-1	No data	-1	0	-1	-1
UQCC5	0.04681574821598743	0.07700835095032617	No data	No data	No data	No data	No data	No data	No data	No data	No data	No data	No data	No data	No data	No data	No data	No data	No data	No data	No data	No data	No data	No data	No data	0	0	0	0	0	0	No data	0.6413836215878308	No data	0	No data	No data	No data	0.5	-1
MYO6	0.046729684008636634	0.07686678186435633	No data	No data	No data	No data	No data	No data	No data	No data	No data	No data	No data	No data	No data	No data	No data	No data	No data	No data	No data	No data	No data	No data	No data	0	0	0	0	0	0.8249049999999997	No data	-0.6032506772244217	-0.9063752973149155	0	No data	No data	0	-1	0
MRPS35	0.046376494339260846	0.07628581167702027	No data	No data	No data	No data	No data	No data	No data	No data	No data	No data	No data	No data	No data	No data	No data	No data	No data	No data	No data	No data	No data	No data	No data	0	0	0	0	0	0	No data	0.4033131902479683	-0.11840201605046008	0	No data	No data	No data	-1	-1
SLC30A10	0.046307388866025076	0.07617213842094035	No data	No data	No data	No data	No data	No data	No data	No data	No data	No data	No data	No data	No data	No data	No data	No data	No data	No data	No data	No data	No data	No data	No data	1	0	0	0	0	0	No data	-0.8231923317357783	-0.8823010489809485	0	No data	No data	0	0.75	0.5
TRIM25	0.04608930194666114	0.07581340199860291	No data	No data	No data	No data	No data	No data	No data	No data	No data	No data	No data	No data	No data	No data	No data	No data	No data	No data	No data	No data	No data	No data	No data	0	0	0	0	0	0	No data	-0.3867472390081267	0	0	No data	No data	0	-1	-1
NT5DC2	0.045354290894468775	0.0746043646294155	No data	No data	No data	No data	No data	No data	No data	No data	No data	No data	No data	No data	No data	No data	No data	No data	No data	No data	No data	No data	No data	No data	No data	No data	No data	0	0	0	0.793535	No data	-0.23015211502396338	-0.05377051238253633	0	No data	No data	0	-1	-1
PRPS1L1	0.04488366406580912	0.07383021923242523	No data	No data	No data	No data	No data	No data	No data	No data	No data	No data	No data	No data	No data	No data	No data	No data	No data	No data	No data	No data	No data	No data	No data	0	0	0	0	0	0.5911949999999997	No data	-0.1540946030423005	No data	0	No data	No data	-0.8584900000000001	1	1
CYP11A1	0.044747672788387746	0.07360652390730658	No data	No data	No data	No data	No data	No data	No data	No data	No data	No data	No data	No data	No data	No data	No data	No data	No data	No data	No data	No data	No data	No data	1	0	0	0	0	1	0	No data	-0.035007293186080424	-0.882659942610195	0	No data	No data	0	1	0
FANCC	0.043104716310417644	0.0709039852558272	No data	No data	No data	No data	No data	No data	No data	No data	No data	No data	No data	No data	No data	No data	No data	No data	No data	No data	No data	No data	No data	No data	No data	0	0	0	0	0	0	No data	0.16503438216295052	0	0	No data	No data	No data	0.5	0
CCDC97	0.04128876588659141	0.06791688469938136	No data	No data	No data	No data	No data	No data	No data	No data	No data	No data	No data	No data	No data	No data	No data	No data	No data	No data	No data	No data	No data	No data	No data	1	0	0	0	0	0.11078499999999991	No data	0.5898103771619088	No data	0	No data	No data	No data	-1	-1
SOCS2	0.04062717590806175	0.06682861942127923	No data	No data	No data	No data	No data	No data	No data	No data	No data	No data	No data	No data	No data	No data	No data	No data	No data	No data	No data	No data	No data	No data	No data	0	0	0	0	0	0.6969700000000003	No data	-0.3364242550531361	-0.8927266535336328	0	No data	No data	0	-1	-1
EVI2B	0.03996625229697971	0.06574145026702909	No data	No data	No data	No data	No data	No data	No data	No data	No data	No data	No data	No data	No data	No data	No data	No data	No data	No data	No data	No data	No data	No data	No data	1	0	0	0	0	0	No data	-0.18410085434465517	0	0	No data	No data	No data	0.5	-1
GRINA	0.03939053560449016	0.06479444002383797	No data	No data	No data	No data	No data	No data	No data	No data	No data	No data	No data	No data	No data	No data	No data	No data	No data	No data	No data	No data	No data	No data	No data	0	0	0	0	0	0.38005500000000014	No data	-0.5067722442175453	No data	0	No data	No data	0	-1	-1
FAM89B	0.03826784413446284	0.06294769780508866	No data	No data	No data	No data	No data	No data	No data	No data	No data	No data	No data	No data	No data	No data	No data	No data	No data	No data	No data	No data	No data	No data	No data	0	0	0	0	0	0.8148150000000001	No data	0.7168160033340278	No data	0	No data	No data	0	-1	-1
TARS2	0.037466022358390555	0.06162876186826426	No data	No data	No data	No data	No data	No data	No data	No data	No data	No data	No data	No data	No data	No data	No data	No data	No data	No data	No data	No data	No data	No data	No data	0	0	0	0	0	0.20613000000000029	No data	-0.08574703063138156	-0.5716940165100484	0	No data	No data	0	-1	-1
LYPLAL1	0.037324523682515154	0.061396007290882584	No data	No data	No data	No data	No data	No data	No data	No data	No data	No data	No data	No data	No data	No data	No data	No data	No data	No data	No data	No data	No data	No data	No data	0	0	0	0	0	0	No data	0.5393832048343405	-0.5846356327658292	0	No data	No data	0	-1	-1
TPM1	0.03661091046159953	0.06022216772934171	No data	No data	No data	No data	No data	No data	No data	No data	No data	No data	No data	No data	No data	No data	No data	No data	No data	No data	No data	No data	No data	No data	No data	0	0	0	0	0	0.5950699999999998	No data	-0.15774119608251724	-0.8989783323233547	0	No data	No data	-0.7799299999999999	0.5	-1
SLC17A2	0.034754352468304696	0.05716827080457872	No data	No data	No data	No data	No data	No data	No data	No data	No data	No data	No data	No data	No data	No data	No data	No data	No data	No data	No data	No data	No data	No data	No data	1	0	0	0	0	0.3933050000000001	No data	-0.015419879141487791	0	0	No data	No data	0	1	1
STAB1	0.03406787536364992	0.056039068093757465	No data	No data	No data	No data	No data	No data	No data	No data	No data	No data	No data	No data	No data	No data	No data	No data	No data	No data	No data	No data	No data	No data	No data	1	0	0	0	0	0.08949500000000014	No data	-0.13127734944780167	No data	0	No data	No data	0	0.5	0
GALNT4	0.03352737770523894	0.0551499904873351	No data	No data	No data	No data	No data	No data	No data	No data	No data	No data	No data	No data	No data	No data	No data	No data	No data	No data	No data	No data	No data	No data	No data	0	0	0	0	0	0.5328699999999997	No data	-0.4945822046259637	No data	0	No data	No data	0	0.5	0
POC1B-GALNT4	0.03333823673990806	0.054838867961425966	No data	No data	No data	No data	No data	No data	No data	No data	No data	No data	No data	No data	No data	No data	No data	No data	No data	No data	No data	No data	No data	No data	No data	No data	No data	0	0	0	No data	No data	-0.45655344863513236	No data	No data	No data	No data	No data	-1	0.5
CCDC92	0.032570408652814374	0.05357584906172512	No data	No data	No data	No data	No data	No data	No data	No data	No data	No data	No data	No data	No data	No data	No data	No data	No data	No data	No data	No data	No data	No data	No data	0	0	0	0	0	0.10876000000000019	No data	-0.3561158574703063	-0.9134134108681186	0	No data	No data	0	0.5	-1
SBNO1	0.032382767702636775	0.05326719394684234	No data	No data	No data	No data	No data	No data	No data	No data	No data	No data	No data	No data	No data	No data	No data	No data	No data	No data	No data	No data	No data	No data	No data	0	0	0	0	0	0.8743699999999996	No data	-0.9891644092519275	0	-1	No data	No data	0	0.5	-1
GDF5	0.03161118760028025	0.05014465868255085	No data	No data	No data	No data	No data	No data	No data	No data	No data	No data	No data	No data	No data	No data	No data	No data	No data	No data	No data	0.03706689168770857	No data	No data	No data	1	1	0	0	0	0.5708599999999997	No data	-0.5417795374036258	-0.3074576968471576	0	No data	No data	0	1	0.5
LRRC43	0.030919006242804047	0.05085941749336537	No data	No data	No data	No data	No data	No data	No data	No data	No data	No data	No data	No data	No data	No data	No data	No data	No data	No data	No data	No data	No data	No data	No data	0	0	0	0	0	0	No data	0.38528860179204005	No data	0	No data	No data	0	0.5	0
NABP1	0.0305319789277883	0.05022278694834897	No data	No data	No data	No data	No data	No data	No data	No data	No data	No data	No data	No data	No data	No data	No data	No data	No data	No data	No data	No data	No data	No data	No data	0	0	0	0	0	0.06863000000000027	No data	0.5035424046676391	0	0	No data	No data	0	0.5	0
AVL9	0.03043956863215866	0.05007077902903859	No data	No data	No data	No data	No data	No data	No data	No data	No data	No data	No data	No data	No data	No data	No data	No data	No data	No data	No data	No data	No data	No data	No data	0	0	0	0	0	0.5679000000000002	No data	-0.45332360908522606	No data	0	No data	No data	No data	-1	-1
LSM5	0.02971397708922734	0.04887723603733303	No data	No data	No data	No data	No data	No data	No data	No data	No data	No data	No data	No data	No data	No data	No data	No data	No data	No data	No data	No data	No data	No data	No data	0	0	0	0	0	1	No data	0.5025005209418629	No data	-1	No data	No data	No data	-1	-1
POC1B	0.029673155199098928	0.04881008712780453	No data	No data	No data	No data	No data	No data	No data	No data	No data	No data	No data	No data	No data	No data	No data	No data	No data	No data	No data	No data	No data	No data	No data	0	0	0	0	0	0.10041999999999973	No data	0.02917274432173378	0	0	No data	No data	0	-1	-1
PRKAR2A	0.029357550358697058	0.04829094113019792	No data	No data	No data	No data	No data	No data	No data	No data	No data	No data	No data	No data	No data	No data	No data	No data	No data	No data	No data	No data	No data	No data	No data	1	0	0	1	0	0.20792000000000002	No data	-0.4669722858928943	No data	0	No data	No data	-0.1646049999999999	0.5	-1
SCYL1	0.02926200009712662	0.04813376820534228	No data	No data	No data	No data	No data	No data	No data	No data	No data	No data	No data	No data	No data	No data	No data	No data	No data	No data	No data	No data	No data	No data	No data	0	0	0	0	0	0.13366499999999987	No data	-0.28860179204000835	-0.7338921282975227	0	No data	No data	0	-1	-1
SNX13	0.02811998485073537	0.046255239841788594	No data	No data	No data	No data	No data	No data	No data	No data	No data	No data	No data	No data	No data	No data	No data	No data	No data	No data	No data	No data	No data	No data	No data	0	0	0	0	0	0.8589350000000003	No data	-0.674515524067514	-0.8081757371804538	0	No data	No data	0	-1	-1
BCL7A	0.026673950967877124	0.04387662390632475	No data	No data	No data	No data	No data	No data	No data	No data	No data	No data	No data	No data	No data	No data	No data	No data	No data	No data	No data	No data	No data	No data	No data	0	0	0	0	0	0.7142850000000003	No data	-0.22660971035632427	No data	0	No data	No data	0	-1	-1
MRPS21	0.02581313364401386	0.042460644773099125	No data	No data	No data	No data	No data	No data	No data	No data	No data	No data	No data	No data	No data	No data	No data	No data	No data	No data	No data	No data	No data	No data	No data	0	0	0	0	0	0.4827599999999997	No data	No data	No data	-1	No data	No data	No data	-1	-1
SLC17A3	0.02572124377585365	0.04230949291745829	No data	No data	No data	No data	No data	No data	No data	No data	No data	No data	No data	No data	No data	No data	No data	No data	No data	No data	No data	No data	No data	No data	No data	1	0	0	0	0	0	No data	0.6018962283809126	No data	0	No data	No data	0	1	0.5
PRPF3	0.025614085281672392	0.04213322533140696	No data	No data	No data	No data	No data	No data	No data	No data	No data	No data	No data	No data	No data	No data	No data	No data	No data	No data	No data	No data	No data	No data	No data	0	0	0	0	0	0.8609099999999998	No data	-0.9944780162533862	-0.7590267010830498	-1	No data	No data	No data	-1	-1
BSN	0.02524876171964094	0.04153229581201643	No data	No data	No data	No data	No data	No data	No data	No data	No data	No data	No data	No data	No data	No data	No data	No data	No data	No data	No data	No data	No data	No data	No data	0	0	0	0	0	0.4498199999999997	No data	-0.9158157949572827	-0.7160012251511588	0	No data	No data	0	1	0.5
CYP1A2	0.024786991107111158	0.04077271821807985	No data	No data	No data	No data	No data	No data	No data	No data	No data	No data	No data	No data	No data	No data	No data	No data	No data	No data	No data	No data	No data	No data	No data	0	0	1	1	0	0	1	0.4905188580954365	-0.8291607724451086	0	-1	No data	-0.2926349999999999	1	0.5
EVI2A	0.024527496057950203	0.040345868566474055	No data	No data	No data	No data	No data	No data	No data	No data	No data	No data	No data	No data	No data	No data	No data	No data	No data	No data	No data	No data	No data	No data	No data	1	0	0	0	0	0	No data	0.4929151906647218	No data	0	No data	No data	No data	0.75	0
QRICH1	0.024136811982725992	0.039703222928583866	No data	No data	No data	No data	No data	No data	No data	No data	No data	No data	No data	No data	No data	No data	No data	No data	No data	No data	No data	No data	No data	No data	No data	0	0	0	0	0	0.9677849999999999	No data	-0.7921441967076475	-0.8396370173237894	0	No data	No data	0	-1	-1
ANGPTL2	0.02396236689784134	0.039416274010104994	No data	No data	No data	No data	No data	No data	No data	No data	No data	No data	No data	No data	No data	No data	No data	No data	No data	No data	No data	No data	No data	No data	No data	0	1	0	0	0	0.7667349999999999	No data	-0.3068347572410919	-0.18884107465695632	0	No data	No data	0	-1	0
LCA5L	0.023620933434882675	0.03885464188963988	No data	No data	No data	No data	No data	No data	No data	No data	No data	No data	No data	No data	No data	No data	No data	No data	No data	No data	No data	No data	No data	No data	No data	1	0	0	0	0	0	No data	0.17305688685142728	-0.13805873379873962	0	No data	No data	0	1	0
DNAH1	0.02304435624723864	0.0379062161972597	No data	No data	No data	No data	No data	No data	No data	No data	No data	No data	No data	No data	No data	No data	No data	No data	No data	No data	No data	No data	No data	No data	No data	0	0	0	0	0	0.4560400000000001	No data	-0.5242758908105856	-0.07111921332956656	0	No data	No data	0	-1	0
H1-2	0.022818777098294322	0.03753515562617077	No data	No data	No data	No data	No data	No data	No data	No data	No data	No data	No data	No data	No data	No data	No data	No data	No data	No data	No data	No data	No data	No data	No data	0	0	0	0	0	0.4131450000000001	No data	0.8799749947905813	No data	0	No data	No data	-0.6830974999999999	-1	-1
ZNF664	0.022354394710871674	0.03677128186085559	No data	No data	No data	No data	No data	No data	No data	No data	No data	No data	No data	No data	No data	No data	No data	No data	No data	No data	No data	No data	No data	No data	No data	0	0	0	0	0	1	No data	0.6032506772244217	0	0	No data	No data	0	-1	-1
CSK	0.022201311934494018	0.03651947231776438	No data	No data	No data	No data	No data	No data	No data	No data	No data	No data	No data	No data	No data	No data	No data	No data	No data	No data	No data	No data	No data	No data	No data	0	0	1	1	1	0.9444450000000003	No data	-0.9245676182538028	-0.9153305868100031	0	No data	No data	0	0.5	-1
HMGN1	0.0220353451362674	0.036246469537055376	No data	No data	No data	No data	No data	No data	No data	No data	No data	No data	No data	No data	No data	No data	No data	No data	No data	No data	No data	No data	No data	No data	No data	0	0	0	0	0	No data	No data	0.001146072098353823	-0.675500128991855	0	No data	No data	0	-1	-1
PGS1	0.02174820409878339	0.0357741443339038	No data	No data	No data	No data	No data	No data	No data	No data	No data	No data	No data	No data	No data	No data	No data	No data	No data	No data	No data	No data	No data	No data	No data	0	0	0	0	0	0.7032400000000003	No data	0.2724525942904772	0	-1	No data	No data	No data	-1	-1
ISLR	0.021595732618163475	0.03552334032591649	No data	No data	No data	No data	No data	No data	No data	No data	No data	No data	No data	No data	No data	No data	No data	No data	No data	No data	No data	No data	No data	No data	No data	1	1	0	0	0	0.32242999999999994	No data	0.1603459053969576	0	0	No data	No data	0	0.5	0
SPPL2C	0.021142173194595784	0.0347772695143215	No data	No data	No data	No data	No data	No data	No data	No data	No data	No data	No data	No data	No data	No data	No data	No data	No data	No data	No data	No data	No data	No data	No data	0	0	0	0	0	0	No data	0.1464888518441343	0	0	No data	No data	0	1	0.5
H2AC4	0.020921480281336648	0.03441424642990766	No data	No data	No data	No data	No data	No data	No data	No data	No data	No data	No data	No data	No data	No data	No data	No data	No data	No data	No data	No data	No data	No data	No data	0	0	No data	No data	No data	1	No data	No data	0	-1	No data	No data	-1	0.5	1
ACP3	0.02068168162206362	0.03401979584405953	No data	No data	No data	No data	No data	No data	No data	No data	No data	No data	No data	No data	No data	No data	No data	No data	No data	No data	No data	No data	No data	No data	1	1	1	1	1	0	0.015545000000000187	No data	0.5409460304230047	-0.17502486490565072	0	No data	No data	0	1	0
TNFSF8	0.02056362031007707	0.03382559395060327	No data	No data	No data	No data	No data	No data	No data	No data	No data	No data	No data	No data	No data	No data	No data	No data	No data	No data	No data	No data	No data	No data	No data	0	0	0	0	0	0	No data	-0.46415919983329856	-0.11840201605046008	0	No data	No data	No data	0.5	0
NRBP2	0.020360593018141297	0.03349162947186094	No data	No data	No data	No data	No data	No data	No data	No data	No data	No data	No data	No data	No data	No data	No data	No data	No data	No data	No data	No data	No data	No data	No data	0	0	0	0	0	0.7505000000000003	No data	-0.46947280683475723	No data	0	No data	No data	-0.01197499999999998	0.5	-1
GET1	0.020348418044299627	0.03347160256437492	No data	No data	No data	No data	No data	No data	No data	No data	No data	No data	No data	No data	No data	No data	No data	No data	No data	No data	No data	No data	No data	No data	No data	0	0	0	0	0	No data	No data	0.3626797249426963	No data	0	No data	No data	0	0.5	-1
PPP1R17	0.019926172383601427	0.032777040514949105	No data	No data	No data	No data	No data	No data	No data	No data	No data	No data	No data	No data	No data	No data	No data	No data	No data	No data	No data	No data	No data	No data	No data	No data	No data	0	0	0	0	No data	0.6562825588664305	-0.13805873379873962	0	No data	No data	No data	0.75	0.5
CRHR1	0.019600404062830992	0.03224117636388079	No data	No data	No data	No data	No data	No data	No data	No data	No data	No data	No data	No data	No data	No data	No data	No data	No data	No data	No data	No data	No data	No data	0.75	1	0	1	1	0	0.8795200000000001	0	-0.24223796624296734	-0.7934801609254916	0	No data	No data	-0.20482000000000014	0.75	0.5
H3C3	0.019478464327084184	0.03204059475783965	No data	No data	No data	No data	No data	No data	No data	No data	No data	No data	No data	No data	No data	No data	No data	No data	No data	No data	No data	No data	No data	No data	No data	0	0	No data	No data	No data	No data	No data	No data	No data	0	No data	No data	-1	0.5	0.5
H2BC3	0.019265188193660517	0.03168977171307606	No data	No data	No data	No data	No data	No data	No data	No data	No data	No data	No data	No data	No data	No data	No data	No data	No data	No data	No data	No data	No data	No data	No data	0	0	0	0	0	0.88095	No data	No data	No data	0	No data	No data	-0.9603175	0.5	0.5
LRRC37A	0.018613396845553923	0.030617624437979475	No data	No data	No data	No data	No data	No data	No data	No data	No data	No data	No data	No data	No data	No data	No data	No data	No data	No data	No data	No data	No data	No data	No data	0	0	0	0	0	No data	No data	0.1676390914773911	No data	No data	No data	No data	-0.985295	0.5	0
CRP	0.01793158504890371	No data	No data	No data	No data	No data	No data	No data	No data	No data	No data	No data	No data	No data	No data	No data	No data	No data	No data	No data	No data	0.14748047902287204	No data	No data	No data	0	1	0	0	1	0	No data	0.9482183788289227	No data	0	No data	No data	0	1	0.5
VEGFA	0.01606645757170995	No data	No data	No data	No data	No data	No data	No data	No data	No data	No data	No data	No data	No data	No data	No data	No data	No data	No data	No data	No data	0.13214051364752596	No data	No data	1	0	1	1	1	0	0.18987499999999996	No data	-0.0866847259845801	-0.9927552407221324	0	-1	No data	0	-1	-1
COMP	0.014996100677371406	No data	No data	No data	No data	No data	No data	No data	No data	No data	No data	No data	No data	No data	No data	No data	No data	No data	No data	No data	No data	0.12333723456918627	No data	No data	No data	0	1	0	0	0	0.5310450000000003	No data	-0.17889143571577415	-0.6208812211648415	0	No data	No data	-0.24042250000000004	0.5	0
IGF1	0.013901746233965059	No data	No data	No data	No data	No data	No data	No data	No data	No data	No data	No data	No data	No data	No data	No data	No data	No data	No data	No data	No data	0.11433658476080563	No data	No data	0.5	0	1	0	0	0	0	No data	-0.1297145238591373	-0.9488735079765309	0	-1	No data	0	0.5	0
CTSS	0.013489664695991613	No data	No data	No data	No data	No data	No data	No data	No data	No data	No data	No data	No data	No data	No data	No data	No data	No data	No data	No data	No data	0.11094737056412084	No data	No data	0.5	0	0	1	1	1	0	1	-0.46405501146072103	-0.7196172867342351	0	No data	No data	0	0.5	-1
ESR1	0.012196135204595159	No data	No data	No data	No data	No data	No data	No data	No data	No data	No data	No data	No data	No data	No data	No data	No data	No data	No data	No data	No data	0.10030858160591748	No data	No data	1	0	0	1	1	1	0.47058999999999995	1	-0.8989372785997083	-0.9362282669134749	0	-1	-1	0	0.5	0
SOST	0.011826555349910457	No data	No data	No data	No data	No data	No data	No data	No data	No data	No data	No data	No data	No data	No data	No data	No data	No data	No data	No data	No data	0.09726892761785938	No data	No data	1	0	1	1	1	0	0.3661949999999997	No data	-0.5563659095644926	-0.11028429837772163	0	No data	No data	0	1	0.5
CALM1	0.011210588925435952	No data	No data	No data	No data	No data	No data	No data	No data	No data	No data	No data	No data	No data	No data	No data	No data	No data	No data	No data	No data	0.09220283763776252	No data	No data	1	0	0	1	1	0	1	No data	-0.7193165242758908	-0.5650523168747104	0	No data	No data	-1	-1	-1
VDR	0.011087395640541052	No data	No data	No data	No data	No data	No data	No data	No data	No data	No data	No data	No data	No data	No data	No data	No data	No data	No data	No data	No data	0.09118961964174316	No data	No data	1	0	0	1	1	1	0.4028100000000002	0	-0.038653886226297174	-0.9585967063703432	0	-1	No data	0	1	0
IL6	0.010451705719740011	No data	No data	No data	No data	No data	No data	No data	No data	No data	No data	No data	No data	No data	No data	No data	No data	No data	No data	No data	No data	0.08596131139269178	No data	No data	1	0	1	0	1	0	0	No data	-0.1933736195040634	-0.9768981946067004	0	-1	No data	No data	0.5	0
SPP1	0.010348235931171651	No data	No data	No data	No data	No data	No data	No data	No data	No data	No data	No data	No data	No data	No data	No data	No data	No data	No data	No data	No data	0.08511031166562696	No data	No data	0.5	0	1	0	0	0	0	No data	0.6789956240883517	-0.9718080694914266	0	No data	No data	No data	0.5	0
ASPN	0.009773333934995448	No data	No data	No data	No data	No data	No data	No data	No data	No data	No data	No data	No data	No data	No data	No data	No data	No data	No data	No data	No data	0.08038196101753656	No data	No data	No data	0	1	0	0	0	0.4473700000000001	No data	0.3291310689727027	-0.18033820352343438	No data	No data	No data	0	0.5	0
CD163	0.009609076221802246	No data	No data	No data	No data	No data	No data	No data	No data	No data	No data	No data	No data	No data	No data	No data	No data	No data	No data	No data	No data	0.07903100368951074	No data	No data	No data	1	1	0	0	0	0	No data	-0.5694936445092728	-0.6393751968350022	0	No data	No data	0	0.5	-1
IL1B	0.009555281820731473	No data	No data	No data	No data	No data	No data	No data	No data	No data	No data	No data	No data	No data	No data	No data	No data	No data	No data	No data	No data	0.07858856516458228	No data	No data	1	0	1	1	1	0	0	No data	-0.3212127526568035	-0.9021591392901102	0	-1	No data	0	0.5	0
TIMP1	0.009424286294459896	No data	No data	No data	No data	No data	No data	No data	No data	No data	No data	No data	No data	No data	No data	No data	No data	No data	No data	No data	No data	0.07751117669548169	No data	No data	No data	0	1	0	0	0	0	No data	-0.15617837049385286	-0.903073488581402	0	-1	No data	0	0.5	-1
TNF	0.009403754080310744	No data	No data	No data	No data	No data	No data	No data	No data	No data	No data	No data	No data	No data	No data	No data	No data	No data	No data	No data	No data	0.07734230702947845	No data	No data	1	1	1	1	1	1	0	0	-0.5138570535528235	-0.9816011053449519	0	-1	No data	0	0.5	0
COL9A1	0.009239496367117545	No data	No data	No data	No data	No data	No data	No data	No data	No data	No data	No data	No data	No data	No data	No data	No data	No data	No data	No data	No data	0.07599134970145263	No data	No data	No data	0	1	0	0	0	0.5005450000000004	No data	-0.12148364242550536	-0.09292713709823014	0	No data	No data	0	0.5	0
IGFBP3	0.00889825096795867	No data	No data	No data	No data	No data	No data	No data	No data	No data	No data	No data	No data	No data	No data	No data	No data	No data	No data	No data	No data	0.07318473585247898	No data	No data	No data	0	1	0	1	0	0.08934500000000015	No data	-0.6456553448635132	-0.8736608762505146	0	No data	No data	0	0.5	-1
ADAMTS8	0.008869916512432843	No data	No data	No data	No data	No data	No data	No data	No data	No data	No data	No data	No data	No data	No data	No data	No data	No data	No data	No data	No data	0.07295169571339452	No data	No data	No data	0	1	0	0	0	0.05512000000000015	No data	-0.0026047093144404565	No data	0	No data	No data	0	0.5	0
CHADL	0.008561933300195591	No data	No data	No data	No data	No data	No data	No data	No data	No data	No data	No data	No data	No data	No data	No data	No data	No data	No data	No data	No data	0.0704186507233461	No data	No data	No data	0	1	0	0	0	0.02231000000000023	No data	0.3193373619504063	No data	0	No data	No data	0	1	0
FRZB	0.008460709484440283	No data	No data	No data	No data	No data	No data	No data	No data	No data	No data	No data	No data	No data	No data	No data	No data	No data	No data	No data	No data	0.0695861232699502	No data	No data	No data	0	1	0	0	0	0.5692300000000003	No data	0.013336111689935315	-0.27174575806803436	0	No data	No data	0	0.75	0
MMP3	0.007925434661571938	No data	No data	No data	No data	No data	No data	No data	No data	No data	No data	No data	No data	No data	No data	No data	No data	No data	No data	No data	No data	0.06518369107724604	No data	No data	0.75	0	1	1	1	1	0	No data	0.551885809543655	-0.1613539839587136	0	-1	No data	-0.45492750000000015	0.5	0
NFKBIA	0.007761176948378739	No data	No data	No data	No data	No data	No data	No data	No data	No data	No data	No data	No data	No data	No data	No data	No data	No data	No data	No data	No data	0.06383273374922022	No data	No data	No data	0	0	1	1	0	0.5425849999999997	No data	-0.8945613669514483	-0.845692957481306	0	-1	No data	0	0.5	-1
CHI3L1	0.0073915970936940375	No data	No data	No data	No data	No data	No data	No data	No data	No data	No data	No data	No data	No data	No data	No data	No data	No data	No data	No data	No data	0.06079307976116211	No data	No data	No data	0	1	0	0	1	0	No data	0.016565951239841725	0	0	No data	No data	0	0.5	0
TPSD1	0.0073915970936940375	No data	No data	No data	No data	No data	No data	No data	No data	No data	No data	No data	No data	No data	No data	No data	No data	No data	No data	No data	No data	0.06079307976116211	No data	No data	No data	0	1	1	1	0	No data	No data	0.8693477807876642	0	0	No data	No data	-0.5661149999999999	0.5	0
ANP32A	0.0073915970936940375	No data	No data	No data	No data	No data	No data	No data	No data	No data	No data	No data	No data	No data	No data	No data	No data	No data	No data	No data	No data	0.06079307976116211	No data	No data	No data	0	0	0	0	0	0.41766999999999965	No data	-0.8668472598458012	No data	0	No data	No data	-0.27710749999999995	-1	-1
ENG	0.0073915970936940375	No data	No data	No data	No data	No data	No data	No data	No data	No data	No data	No data	No data	No data	No data	No data	No data	No data	No data	No data	No data	0.06079307976116211	No data	No data	0.75	1	0	0	0	0	0	No data	-0.8398624713481976	-0.9727711094640601	0	No data	No data	0	0.5	-1
IL17F	0.0073915970936940375	No data	No data	No data	No data	No data	No data	No data	No data	No data	No data	No data	No data	No data	No data	No data	No data	No data	No data	No data	No data	0.06079307976116211	No data	No data	1	0	1	0	0	0	0	No data	0.3250677224421754	0	0	No data	No data	0	0.5	1
CD44	0.0073915970936940375	No data	No data	No data	No data	No data	No data	No data	No data	No data	No data	No data	No data	No data	No data	No data	No data	No data	No data	No data	No data	0.06079307976116211	No data	No data	0.25	1	1	0	1	0	0	No data	-0.3028755990831423	-0.9561143678524078	0	No data	No data	0	0.5	-1
TWIST1	0.0073915970936940375	No data	No data	No data	No data	No data	No data	No data	No data	No data	No data	No data	No data	No data	No data	No data	No data	No data	No data	No data	No data	0.06079307976116211	No data	No data	No data	0	0	0	0	0	0.7772300000000001	No data	0.18087101479474899	-0.8654274616063579	0	No data	No data	-0.10890999999999984	0.5	0
COL9A2	0.0073915970936940375	No data	No data	No data	No data	No data	No data	No data	No data	No data	No data	No data	No data	No data	No data	No data	No data	No data	No data	No data	No data	0.06079307976116211	No data	No data	No data	0	1	0	0	0	0.5500700000000002	No data	-0.33923734111273185	-0.26653517523008236	0	No data	No data	0	0.75	0
IBSP	0.0073915970936940375	No data	No data	No data	No data	No data	No data	No data	No data	No data	No data	No data	No data	No data	No data	No data	No data	No data	No data	No data	No data	0.06079307976116211	No data	No data	No data	0	1	0	0	0	0	No data	0.5829339445717858	0	0	No data	No data	No data	0.5	1
TLR9	0.0073915970936940375	No data	No data	No data	No data	No data	No data	No data	No data	No data	No data	No data	No data	No data	No data	No data	No data	No data	No data	No data	No data	0.06079307976116211	No data	No data	1	0	0	1	1	0	0	0	-0.21327359866638884	-0.49015973580271516	0	No data	No data	0	0.5	0.5
CALM2	0.0073915970936940375	No data	No data	No data	No data	No data	No data	No data	No data	No data	No data	No data	No data	No data	No data	No data	No data	No data	No data	No data	No data	0.06079307976116211	No data	No data	No data	0	0	0	0	0	1	No data	-0.6689935403209002	0	0	No data	No data	-1	-1	-1
TLR10	0.0073915970936940375	No data	No data	No data	No data	No data	No data	No data	No data	No data	No data	No data	No data	No data	No data	No data	No data	No data	No data	No data	No data	0.06079307976116211	No data	No data	No data	1	0	0	0	0	No data	No data	0.1319024796832673	No data	0	No data	No data	0	1	0.5
DOT1L	0.0073915970936940375	No data	No data	No data	No data	No data	No data	No data	No data	No data	No data	No data	No data	No data	No data	No data	No data	No data	No data	No data	No data	0.06079307976116211	No data	No data	No data	0	0	1	1	1	0.22250999999999976	1	-0.9681183579912482	-0.788460899996139	0	No data	No data	No data	0.5	-1
ACE	0.006098067602297579	No data	No data	No data	No data	No data	No data	No data	No data	No data	No data	No data	No data	No data	No data	No data	No data	No data	No data	No data	No data	0.05015429080295874	No data	No data	1	0	1	1	1	1	0.16539	No data	0.21014794748906018	-0.9741743606474174	0	-1	No data	0	0.5	0
EDNRA	0.0051741179655858255	No data	No data	No data	No data	No data	No data	No data	No data	No data	No data	No data	No data	No data	No data	No data	No data	No data	No data	No data	No data	0.04255515583281348	No data	No data	1	1	0	1	1	0	0.6135849999999998	1	-0.8180871014794748	-0.9768304560327734	0	-1	No data	0	0.5	0
CAT	0.0051535857514366755	No data	No data	No data	No data	No data	No data	No data	No data	No data	No data	No data	No data	No data	No data	No data	No data	No data	No data	No data	No data	0.04238628616681025	No data	No data	No data	0	0	0	1	1	0.46869000000000016	No data	0.17743279849968752	-0.7483452599515245	0	-1	No data	No data	0.5	-1
ASAH1	0.004619748183558772	No data	No data	No data	No data	No data	No data	No data	No data	No data	No data	No data	No data	No data	No data	No data	No data	No data	No data	No data	No data	0.037995674850726316	No data	No data	No data	0	1	1	1	0	0	No data	0.32735986663888306	-0.9275517326265675	0	No data	No data	0	0.5	-1
KIF26B	0.0044349582562164215	No data	No data	No data	No data	No data	No data	No data	No data	No data	No data	No data	No data	No data	No data	No data	No data	No data	No data	No data	No data	0.03647584785669726	No data	No data	No data	1	0	0	0	0	0.41176499999999977	No data	-0.8757032715148989	-0.7568514255944555	0	No data	No data	0	0.5	0.5
ACP5	0.0044349582562164215	No data	No data	No data	No data	No data	No data	No data	No data	No data	No data	No data	No data	No data	No data	No data	No data	No data	No data	No data	No data	0.03647584785669726	No data	No data	No data	0	0	0	0	0	0.24615500000000026	No data	-0.2289018545530319	0	0	No data	No data	No data	0.5	-1
OARD1	0.0036957985468470188	No data	No data	No data	No data	No data	No data	No data	No data	No data	No data	No data	No data	No data	No data	No data	No data	No data	No data	No data	No data	0.030396539880581056	No data	No data	No data	0	0	0	0	0	0.7697350000000001	No data	0.48499687434882266	0	0	No data	No data	No data	-1	-1
COL2A1	0.0036957985468470188	No data	No data	No data	No data	No data	No data	No data	No data	No data	No data	No data	No data	No data	No data	No data	No data	No data	No data	No data	No data	0.030396539880581056	No data	No data	1	0	1	0	1	0	0.7612650000000002	No data	-0.9545738695561575	-0.9424512690220344	0	No data	No data	-0.26529999999999987	0.75	0.5
COL6A1	0.0036957985468470188	No data	No data	No data	No data	No data	No data	No data	No data	No data	No data	No data	No data	No data	No data	No data	No data	No data	No data	No data	No data	0.030396539880581056	No data	No data	1	0	1	0	0	0	0.48443499999999984	No data	-0.8538237132735986	-0.23481587921946157	0	No data	No data	0	0.5	0
MICAL3	0.0036957985468470188	No data	No data	No data	No data	No data	No data	No data	No data	No data	No data	No data	No data	No data	No data	No data	No data	No data	No data	No data	No data	0.030396539880581056	No data	No data	No data	1	0	0	0	0	0.34315500000000015	No data	-0.7838091269014378	0	0	No data	No data	0	-1	-1
MATN1	0.0029566388374776143	No data	No data	No data	No data	No data	No data	No data	No data	No data	No data	No data	No data	No data	No data	No data	No data	No data	No data	No data	No data	0.024317231904464845	No data	No data	No data	0	1	0	0	0	0.5060499999999998	No data	-0.14034173786205462	No data	0	No data	No data	0	1	1
TACR1	0.0029566388374776143	No data	No data	No data	No data	No data	No data	No data	No data	No data	No data	No data	No data	No data	No data	No data	No data	No data	No data	No data	No data	0.024317231904464845	No data	No data	1	1	0	1	1	1	0.72973	1	-0.0053136070014586645	-0.7233277132258803	0	-1	No data	0	0.5	0
FGF23	0.0029566388374776143	No data	No data	No data	No data	No data	No data	No data	No data	No data	No data	No data	No data	No data	No data	No data	No data	No data	No data	No data	No data	0.024317231904464845	No data	No data	1	0	1	1	1	0	0	No data	0.43165242758908096	-0.7297792587242576	0	No data	No data	0	0.5	0.5
ADAMTS1	0.0029566388374776143	No data	No data	No data	No data	No data	No data	No data	No data	No data	No data	No data	No data	No data	No data	No data	No data	No data	No data	No data	No data	0.024317231904464845	No data	No data	No data	1	1	1	1	0	0.10548000000000002	No data	-0.6704521775369869	-0.9042658155062235	0	No data	No data	0	0.5	-1
TNFRSF11B	0.0029566388374776143	No data	No data	No data	No data	No data	No data	No data	No data	No data	No data	No data	No data	No data	No data	No data	No data	No data	No data	No data	No data	0.024317231904464845	No data	No data	No data	0	1	0	0	0	0.27680999999999967	No data	-0.4368618462179621	-0.8600864427097473	0	-1	No data	0	0.75	0
ACAN	0.0022174791281082107	No data	No data	No data	No data	No data	No data	No data	No data	No data	No data	No data	No data	No data	No data	No data	No data	No data	No data	No data	No data	0.01823792392834863	No data	No data	No data	0	1	0	0	0	0	No data	-0.9074807251510731	-0.9227625491656346	0	No data	No data	0	0.5	0.5
TF	0.0022174791281082107	No data	No data	No data	No data	No data	No data	No data	No data	No data	No data	No data	No data	No data	No data	No data	No data	No data	No data	No data	No data	0.01823792392834863	No data	No data	No data	0	1	0	0	1	0	No data	-0.19306105438633048	-0.8711866475785243	0	-1	No data	-0.03653250000000004	0.5	-1
TP53	0.0022174791281082107	No data	No data	No data	No data	No data	No data	No data	No data	No data	No data	No data	No data	No data	No data	No data	No data	No data	No data	No data	No data	0.01823792392834863	No data	No data	0.75	0	0	1	1	0	0	No data	-0.5366743071473223	-0.9868896764809534	0	-1	-1	0	-1	-1
ALB	0.0022174791281082107	No data	No data	No data	No data	No data	No data	No data	No data	No data	No data	No data	No data	No data	No data	No data	No data	No data	No data	No data	No data	0.01823792392834863	No data	No data	No data	0	1	1	1	1	0	No data	-0.6427380704313399	-0.05377051238253633	0	No data	No data	0	1	0
CCL2	0.0022174791281082107	No data	No data	No data	No data	No data	No data	No data	No data	No data	No data	No data	No data	No data	No data	No data	No data	No data	No data	No data	No data	0.01823792392834863	No data	No data	0.5	0	1	1	1	0	0	No data	0.10950197957907903	-0.9571397872599271	0	-1	No data	-0.3434349999999998	0.5	-1
TAC1	0.0022174791281082107	No data	No data	No data	No data	No data	No data	No data	No data	No data	No data	No data	No data	No data	No data	No data	No data	No data	No data	No data	No data	0.01823792392834863	No data	No data	No data	0	1	0	0	0	0.7674399999999999	No data	-0.4512398416336737	-0.2024885471391505	0	No data	No data	No data	1	0
CD34	0.0022174791281082107	No data	No data	No data	No data	No data	No data	No data	No data	No data	No data	No data	No data	No data	No data	No data	No data	No data	No data	No data	No data	0.01823792392834863	No data	No data	No data	1	0	0	0	0	0	No data	0.1435715774119608	-0.14376080844869132	0	No data	No data	No data	-1	-1
MYD88	0.0022174791281082107	No data	No data	No data	No data	No data	No data	No data	No data	No data	No data	No data	No data	No data	No data	No data	No data	No data	No data	No data	No data	0.01823792392834863	No data	No data	No data	0	0	0	0	0	0.07094499999999967	No data	-0.3117316107522401	-0.8762281824050694	0	-1	-1	No data	-1	0
APOA1	0.0022174791281082107	No data	No data	No data	No data	No data	No data	No data	No data	No data	No data	No data	No data	No data	No data	No data	No data	No data	No data	No data	No data	0.01823792392834863	No data	No data	No data	0	1	0	0	0	0	No data	0.4859345697020212	-0.7761562335129907	0	No data	No data	0	1	0
IGFBP1	0.0022174791281082107	No data	No data	No data	No data	No data	No data	No data	No data	No data	No data	No data	No data	No data	No data	No data	No data	No data	No data	No data	No data	0.01823792392834863	No data	No data	No data	0	1	0	1	0	0	No data	0.3415294853094395	-0.8362335480917488	0	-1	No data	0	1	0.5
DKK1	0.0018478992734235094	No data	No data	No data	No data	No data	No data	No data	No data	No data	No data	No data	No data	No data	No data	No data	No data	No data	No data	No data	No data	0.015198269940290528	No data	No data	0.5	0	1	0	1	0	0.13534000000000007	No data	-0.2236924359241509	-0.692320066237125	0	No data	No data	No data	0.5	0
LEP	0.0018478992734235094	No data	No data	No data	No data	No data	No data	No data	No data	No data	No data	No data	No data	No data	No data	No data	No data	No data	No data	No data	No data	0.015198269940290528	No data	No data	No data	1	1	0	0	0	0.16167500000000032	No data	-0.09845801208585125	-0.9856004644788507	0	-1	No data	No data	0.75	0
IL10	0.0018478992734235094	No data	No data	No data	No data	No data	No data	No data	No data	No data	No data	No data	No data	No data	No data	No data	No data	No data	No data	No data	No data	0.015198269940290528	No data	No data	0.5	0	1	0	0	0	0	No data	0.16045009376953523	-0.9605896874209293	0	-1	No data	0	0.5	0
PITX1	0.0018478992734235094	No data	No data	No data	No data	No data	No data	No data	No data	No data	No data	No data	No data	No data	No data	No data	No data	No data	No data	No data	No data	0.015198269940290528	No data	No data	No data	0	0	0	0	0	0.8407649999999997	No data	-0.6045009376953532	-0.879238801579012	0	No data	No data	-0.09235749999999995	0.5	0
REG3A	0.0014783194187388072	No data	No data	No data	No data	No data	No data	No data	No data	No data	No data	No data	No data	No data	No data	No data	No data	No data	No data	No data	No data	0.012158615952232422	No data	No data	No data	0	1	0	0	0	No data	No data	0.4525942904771827	-0.7105961929155763	0	No data	No data	-0.6285725	0.75	0
CHST11	0.0014783194187388072	No data	No data	No data	No data	No data	No data	No data	No data	No data	No data	No data	No data	No data	No data	No data	No data	No data	No data	No data	No data	0.012158615952232422	No data	No data	No data	0	0	0	0	0	0.84375	No data	-0.41914982287976665	-0.746573398180041	0	No data	No data	0	0.5	-1
BGLAP	0.0014783194187388072	No data	No data	No data	No data	No data	No data	No data	No data	No data	No data	No data	No data	No data	No data	No data	No data	No data	No data	No data	No data	0.012158615952232422	No data	No data	No data	0	1	0	0	0	0	No data	0.9846843092310897	-0.3532859962759047	0	-1	No data	No data	0.5	0
ADAMTS4	0.0014783194187388072	No data	No data	No data	No data	No data	No data	No data	No data	No data	No data	No data	No data	No data	No data	No data	No data	No data	No data	No data	No data	0.012158615952232422	No data	No data	No data	0	1	1	1	0	0.5221049999999998	0	-0.2461971244009169	-0.101334915822818	0	No data	No data	0	0.5	0
ICOS	0.0014783194187388072	No data	No data	No data	No data	No data	No data	No data	No data	No data	No data	No data	No data	No data	No data	No data	No data	No data	No data	No data	No data	0.012158615952232422	No data	No data	0.75	1	0	0	0	0	0	No data	-0.008335069806209572	-0.28509455932914013	0	No data	No data	No data	0.75	0.5
IL1RN	0.0014783194187388072	No data	No data	No data	No data	No data	No data	No data	No data	No data	No data	No data	No data	No data	No data	No data	No data	No data	No data	No data	No data	0.012158615952232422	No data	No data	No data	0	1	1	1	0	0	No data	-0.005209418628881024	-0.8974208797341889	0	No data	No data	0	1	0
BTF3P11	0.0014783194187388072	No data	No data	No data	No data	No data	No data	No data	No data	No data	No data	No data	No data	No data	No data	No data	No data	No data	No data	No data	No data	0.012158615952232422	No data	No data	No data	No data	No data	No data	No data	No data	No data	No data	No data	No data	No data	No data	No data	No data	No data	No data
CD28	0.0014783194187388072	No data	No data	No data	No data	No data	No data	No data	No data	No data	No data	No data	No data	No data	No data	No data	No data	No data	No data	No data	No data	0.012158615952232422	No data	No data	0.5	0	0	0	0	0	0	No data	-0.24557199416545117	-0.2598204566637946	0	No data	No data	0	0.75	0
TIMP4	0.0014783194187388072	No data	No data	No data	No data	No data	No data	No data	No data	No data	No data	No data	No data	No data	No data	No data	No data	No data	No data	No data	No data	0.012158615952232422	No data	No data	No data	0	1	0	0	0	0.4419649999999997	No data	0.2494269639508231	-0.8809543670220207	0	No data	No data	0	0.5	0
MMP9	0.0014783194187388072	No data	No data	No data	No data	No data	No data	No data	No data	No data	No data	No data	No data	No data	No data	No data	No data	No data	No data	No data	No data	0.012158615952232422	No data	No data	0.75	0	1	1	1	1	0	No data	0.35465722025421953	-0.9750241352135316	0	-1	No data	0	0.75	0
CYP27A1	0.0014783194187388072	No data	No data	No data	No data	No data	No data	No data	No data	No data	No data	No data	No data	No data	No data	No data	No data	No data	No data	No data	No data	0.012158615952232422	No data	No data	No data	0	0	0	1	0	0	No data	0.5221921233590332	-0.9331293698861489	0	No data	No data	0	0.75	-1
MPO	0.0014783194187388072	No data	No data	No data	No data	No data	No data	No data	No data	No data	No data	No data	No data	No data	No data	No data	No data	No data	No data	No data	No data	0.012158615952232422	No data	No data	0.75	0	0	1	1	1	0.1610750000000003	No data	0.28776828505938745	-0.7300097756321411	0	No data	No data	-0.17785249999999983	1	0.5
GYPC	0.0014783194187388072	No data	No data	No data	No data	No data	No data	No data	No data	No data	No data	No data	No data	No data	No data	No data	No data	No data	No data	No data	No data	0.012158615952232422	No data	No data	No data	1	0	0	0	0	0	No data	0.3534069597832883	0	0	No data	No data	No data	0.5	-1
CXCL8	0.0014783194187388072	No data	No data	No data	No data	No data	No data	No data	No data	No data	No data	No data	No data	No data	No data	No data	No data	No data	No data	No data	No data	0.012158615952232422	No data	No data	0.5	0	1	1	1	0	No data	No data	0.8795582413002709	No data	0	-1	No data	0	1	0
STRA6	0.0014783194187388072	No data	No data	No data	No data	No data	No data	No data	No data	No data	No data	No data	No data	No data	No data	No data	No data	No data	No data	No data	No data	0.012158615952232422	No data	No data	No data	1	0	0	0	0	0	No data	-0.10918941446134611	-0.8137171360726544	0	No data	No data	0	0.5	0
CD4	0.0014783194187388072	No data	No data	No data	No data	No data	No data	No data	No data	No data	No data	No data	No data	No data	No data	No data	No data	No data	No data	No data	No data	0.012158615952232422	No data	No data	1	1	0	0	1	0	0	No data	-0.24786413836215881	-0.25143122941720414	0	No data	No data	No data	0.5	-1
HMGCR	0.0014783194187388072	No data	No data	No data	No data	No data	No data	No data	No data	No data	No data	No data	No data	No data	No data	No data	No data	No data	No data	No data	No data	0.012158615952232422	No data	No data	1	0	0	1	1	1	0.6677950000000002	1	-0.8118357991248177	0	-1	-1	No data	No data	0.5	-1
TFDP1	0.0014783194187388072	No data	No data	No data	No data	No data	No data	No data	No data	No data	No data	No data	No data	No data	No data	No data	No data	No data	No data	No data	No data	0.012158615952232422	No data	No data	No data	0	0	0	0	0	0.7439050000000001	No data	-0.7304646801416962	No data	0	No data	No data	-0.3658525000000001	0.5	-1